啊	aakk	241987
阿	aabk	5406
吖	aakh	367
锕	aaqk	41
腌	aaen	17
爱	alec	27194
哎	alkr	9070
唉	alkd	7469
艾	alar	1025
挨	alrd	1367
癌	alum	1005
矮	altv	1068
哀	alye	943
埃	alfd	532
碍	aldf	222
欸	alcw	171
砹	aldr	68
隘	albl	51
瑷	algc	45
暧	aljc	39
毐	alfd	37
嗳	alkc	35
蔼	alan	22
锿	alqe	12
霭	alfn	11
嗌	alkl	5
叆	alfc	4
嫒	alvc	3
皑	alrn	1
按	ajrv	40007
安	ajpv	3865
案	ajps	3123
俺	ajwn	3312
暗	ajjj	1242
氨	ajrv	542
胺	ajev	433
庵	ajon	225
岸	ajmf	273
鞍	ajav	112
黯	ajlj	102
铵	ajqv	53
桉	ajsv	46
唵	ajkn	22
谙	ajyj	18
埯	ajfn	10
盦	ajwl	4
垵	ajfv	3
犴	ajqf	2
鹌	ajdg	1
𩽾	ajqv	0
昂	ahjb	663
卬	ahqb	99
盎	ahml	46
肮	ahew	8
奥	aktd	2782
熬	akgo	2431
嗷	akkt	1515
澳	akid	512
凹	akhg	671
傲	akwt	343
敖	akgt	224
鳌	akgg	108
袄	akpd	80
螯	akgj	61
拗	akre	56
坳	akfe	42
獒	akgd	36
媪	akvl	23
岙	aktm	18
翱	akrn	18
遨	akgp	15
鏊	akgq	14
薁	akad	11
懊	aknd	6
璈	akgt	2
鏖	akoq	4
骜	akgg	3
隩	akbd	3
聱	akgb	3
奡	akdj	2
廒	akot	2
嶅	akgm	0
吧	bakc	297688
把	barc	265505
八	bawy	5129
巴	bacn	1115
扒	barw	2063
拔	bary	2123
罢	balc	1866
叭	bakw	1698
爸	bawc	1400
靶	baac	718
钯	baqc	438
疤	bauc	413
霸	bafe	391
芭	baac	187
耙	bafc	115
坝	bafm	129
灞	baie	105
捌	barj	90
跋	baky	76
粑	baoc	52
魃	bary	58
鲃	baqc	12
妭	bavy	9
鲅	baqy	5
菝	baay	4
羓	bauc	2
胈	baey	2
朳	basw	2
笆	batc	2
岜	bamc	0
蚆	bajc	0
白	blrr	10933
摆	blrc	2757
拜	blrf	2425
百	bldj	1329
掰	blrr	1262
败	blmt	1517
柏	blsr	348
佰	blwj	29
稗	bltf	35
捭	blrf	11
伯	blwr	5
版	bjtc	30687
班	bjgg	10270
半	bjug	8451
板	bjsc	4240
般	bjtc	5181
办	bjew	3889
搬	bjrc	2278
拌	bjrg	1339
斑	bjgg	856
伴	bjwg	839
瓣	bjuu	386
扮	bjrv	409
扳	bjrc	266
绊	bjxg	228
颁	bjwm	251
坂	bjfc	120
阪	bjbc	46
钣	bjqc	19
癍	bjug	20
柈	bjsg	5
攽	bjwt	2
瘢	bjuc	2
昄	bjjc	1
湴	bjio	1
靽	bjag	0
𨭉	bjyq	0
帮	bhdh	11881
棒	bhsg	2692
榜	bhsy	2169
磅	bhdy	2695
邦	bhdb	1270
绑	bhxb	1179
镑	bhqy	542
傍	bhwy	216
蚌	bhjh	161
浜	bhiw	158
谤	bhyy	70
梆	bhsb	23
膀	bhey	9
搒	bhry	2
玤	bhgh	1
蒡	bhay	0
塝	bhfy	0
𠳐	bhkb	0
包	bkqn	13703
宝	bkpy	2856
报	bkrc	7881
保	bkws	4971
爆	bkoi	3912
抱	bkrn	2528
薄	bkaf	1991
堡	bkwf	1021
曝	bkji	787
饱	bkqn	829
鲍	bkqn	465
煲	bkwo	664
剥	bkvj	465
暴	bkji	529
豹	bkey	414
刨	bkqj	264
褒	bkye	164
胞	bken	86
葆	bkas	85
苞	bkan	67
鸨	bkxg	21
炮	bkon	15
雹	bkfn	15
孢	bkbn	12
枹	bksn	9
龅	bkhn	8
趵	bkky	2
褓	bkps	1
瀑	bkii	1
被	bzpb	307050
背	bzue	24818
倍	bzwk	23779
呗	bzkm	10966
杯	bzsh	4421
北	bzux	3172
贝	bzmy	1100
备	bztl	1006
悲	bzhn	738
碑	bzdf	717
辈	bzhl	287
钡	bzqm	149
焙	bzok	107
邶	bzub	93
卑	bzrf	96
悖	bznb	49
孛	bzfb	38
蓓	bzak	25
陂	bzbb	18
碚	bzdk	5
琲	bzgd	8
惫	bztn	7
鹎	bzrg	6
鞴	bzae	4
狈	bzqm	3
棓	bzsk	3
椑	bzsf	2
褙	bzpe	2
糒	bzoe	1
臂	bzne	1
鐾	bznq	1
鞁	bzab	0
𬇙	bzim	0
本	bfsg	33142
笨	bftg	1276
奔	bfda	1332
苯	bfag	991
畚	bfcl	95
贲	bffm	43
锛	bfqa	20
犇	bftg	13
坌	bfwf	8
夯	bfde	4
倴	bfwa	1
栟	bfsa	1
崩	bgme	2223
蹦	bgke	1555
泵	bgdi	863
甭	bgde	273
绷	bgxe	229
嘣	bgke	96
迸	bgup	48
甏	bgfy	20
蚌	bgjh	5
琫	bggg	3
祊	bgpy	2
镚	bgqe	0
比	bixx	168061
笔	bite	6838
逼	bigp	4837
必	bint	3672
币	bith	2666
鼻	bitj	1091
臂	bine	613
壁	binf	761
彼	bitb	909
毕	bixf	690
避	binp	670
碧	bigd	585
哔	bikf	543
闭	biut	312
弊	biia	372
璧	biny	258
铋	biqt	223
敝	biit	167
匕	bixn	120
毙	bixx	120
俾	biwf	110
鄙	bikb	98
蔽	biat	96
婢	bivf	76
濞	biij	15
庇	biox	62
畀	bilj	58
陛	bibf	43
弼	bixx	40
痹	biuj	36
妣	bivx	30
髀	bimf	29
吡	bikx	64
屄	bini	20
箅	bitj	19
滗	biie	17
庳	biof	16
嬖	binv	16
芘	biax	14
沘	biix	14
毖	bixt	14
蓖	biax	13
裨	bipf	11
苾	biat	11
愎	bint	10
篦	bitx	10
邲	binb	8
皕	bidj	8
襞	bine	6
萆	biaf	6
荜	biaf	5
薜	biau	5
跸	bikf	5
咇	bikt	4
珌	bigt	4
舭	bitx	4
辟	binu	4
佖	biwt	3
赑	bimm	3
荸	biab	2
诐	biyb	2
筚	bitf	2
秕	bitx	2
贲	bifm	2
狴	biqf	1
佛	biwj	1
觱	bide	1
馝	bitt	1
泌	biit	1
秘	bitt	1
鲾	biql	1
坒	bixf	0
便	bmwr	29912
边	bmep	11327
变	bmyc	9453
遍	bmyp	5394
编	bmxa	3079
贬	bmmp	803
辩	bmuu	522
扁	bmya	520
鞭	bmar	439
辨	bmuu	297
蝙	bmja	234
卞	bmyh	187
煸	bmoa	179
弁	bmca	141
辫	bmuu	76
匾	bmaa	69
汴	bmih	36
抃	bmrh	10
昪	bmja	9
苄	bmah	8
笾	bmtp	8
砭	bmdp	7
鳊	bmqa	5
萹	bmaa	4
忭	bmnh	3
碥	bmda	3
褊	bmpa	2
𨚕	bmcb	0
表	bcge	15517
标	bcsi	2478
婊	bcve	734
飙	bcdr	502
镖	bcqi	235
彪	bche	200
裱	bcpe	103
膘	bcei	129
杓	bcsy	62
鳔	bcqi	25
镳	bcqo	23
骉	bccg	18
熛	bcoi	18
摽	bcri	16
幖	bcmi	15
骠	bcci	8
藨	bcao	4
儦	bcwo	4
瀌	bcio	3
俵	bcwe	3
飑	bcwn	1
瘭	bcui	0
脿	bcee	0
别	bxkj	21101
憋	bxin	1874
鳖	bxig	478
瘪	bxux	299
蹩	bxih	30
癿	bxrn	8
宾	bnpw	391
斌	bnyy	254
彬	bnse	148
髌	bnmw	13
鬓	bndw	116
滨	bniw	70
豳	bnme	69
邠	bnwb	64
缤	bnxw	21
膑	bnew	26
殡	bngw	16
濒	bnim	11
摈	bnrw	8
玢	bngv	4
傧	bnww	4
镔	bnqw	2
槟	bnsw	1
并	byua	132093
病	byuw	9891
兵	byrw	5140
冰	byui	3689
饼	byqa	2981
柄	bysw	870
丙	bygw	674
禀	byyi	103
屏	byna	26
秉	bytv	73
炳	byow	43
蛃	byjw	17
昺	byjw	14
摒	byra	10
槟	bysw	3
邴	bygb	3
栟	bysa	1
波	boib	4306
博	boff	2192
播	borl	1338
薄	boaf	854
拨	bory	783
伯	bowr	674
铂	boqr	533
搏	borf	416
啵	bokb	242
钵	boqg	239
勃	bofe	214
驳	bocr	208
玻	bogb	180
脖	boeb	166
帛	borh	110
剥	bovj	53
跛	bokb	67
亳	boya	63
箔	botr	22
柏	bosr	39
孛	bofb	38
泊	boir	36
钹	boqy	36
渤	boie	34
镈	boqf	25
僰	bosw	20
菠	boab	6
擘	bonr	22
浡	boib	14
舶	botr	14
嶓	boml	13
膊	boef	11
哱	bokb	11
砵	bodg	9
卜	bohy	11
踣	bokk	8
簸	botb	6
鹁	bofg	5
檗	bons	4
鲌	boqr	1
蕃	boal	2
艴	boxc	2
趵	boky	1
馞	botb	1
袯	bopy	1
饽	boqb	1
礴	bodf	0
欂	bosf	0
𬭛	boqb	0
不	budh	162529
部	buub	9531
补	buph	7269
步	buhh	4248
布	budh	2175
簿	butf	278
钚	buqh	303
捕	burs	303
卜	buhy	279
怖	bunh	60
卟	bukh	35
晡	bujs	33
埠	buff	27
逋	busp	30
堡	buwf	11
哺	buks	24
蔀	buab	16
瓿	buuy	6
醭	busg	4
埔	bufs	2
埗	bufh	1
𬷕	busg	0
擦	cari	3055
嚓	caki	32
才	clft	92394
菜	clas	12774
踩	clks	6220
猜	clqe	2807
蔡	clai	1099
财	clmt	989
采	cles	803
材	clst	699
裁	clfe	703
彩	clee	475
睬	clhs	35
偲	clwn	23
惨	cjne	2574
餐	cjhv	948
残	cjga	823
参	cjce	689
蚕	cjgj	130
粲	cjho	86
灿	cjom	80
骖	cjce	38
惭	cjnr	30
璨	cjgo	21
黪	cjle	18
䅟	cjte	0
藏	chah	2772
仓	chwb	1766
舱	chtb	1047
苍	chab	150
沧	chib	45
鸧	chwg	4
伧	chwb	3
草	ckaj	3669
槽	cksj	1850
曹	ckgj	1582
操	ckrs	1627
艹	ckah	1444
糙	ckop	468
屮	ckbk	106
嘈	ckkj	67
漕	ckij	50
芔	ckbh	26
肏	cktw	20
艚	cktj	6
螬	ckjj	0
𥕢	ckdj	0
侧	cewj	2863
测	ceij	2329
册	cemg	2182
策	cetm	408
厕	cedj	72
恻	cenj	8
岑	cfmn	86
涔	cfin	9
参	cfce	1
曾	cguj	13871
层	cgnc	11066
蹭	cgkj	3749
噌	cgkj	184
嶒	cgmj	0
差	iaua	19115
茶	iaas	6506
查	iasg	6368
插	iare	3328
叉	iacy	799
侘	iawa	350
茬	iaaf	325
镲	iaqi	302
察	iapi	261
猹	iaqg	117
搽	iars	95
槎	iasa	67
岔	iawm	59
檫	iasi	32
杈	iasy	45
嚓	iaki	32
碴	iadg	30
姹	iava	17
汊	iaiy	12
衩	iapy	2
锸	iaqe	6
垞	iafa	5
诧	iaya	5
馇	iaqg	2
刹	iarj	2
喳	iakg	1
蹅	iakg	0
嵖	iamg	0
𥻗	iaog	0
拆	ilry	3532
柴	ilhs	802
差	ilua	334
钗	ilqy	102
豺	ilet	45
虿	ilgj	26
侪	ilwj	15
瘥	ilua	16
茝	ilah	13
产	ijut	1992
铲	ijqt	970
馋	ijqu	951
缠	ijxf	583
禅	ijpf	457
蝉	ijjf	430
掺	ijre	381
颤	ijym	394
搀	ijru	111
谗	ijyu	81
浐	ijit	37
婵	ijvf	53
蟾	ijjy	36
澶	ijig	43
觇	ijhq	38
阐	ijuf	26
躔	ijkf	27
襜	ijpy	16
谄	ijye	13
镡	ijqj	14
刬	ijgj	11
辿	ijmp	9
忏	ijnf	10
巉	ijmy	7
韂	ijay	7
羼	ijnu	6
廛	ijof	6
潺	ijib	4
梴	ijsp	4
孱	ijnb	2
蒇	ijam	2
啴	ijkf	2
单	ijuf	2
骣	ijcb	2
镵	ijqy	2
瀍	ijif	1
旵	ijjm	1
冁	ijue	0
儳	ijwy	0
𬊤	ijof	0
唱	ihkj	10966
场	ihfr	10830
长	ihty	11739
常	ihih	4999
厂	ihdt	3503
尝	ihic	771
肠	iher	590
畅	ihjr	200
昌	ihjj	265
偿	ihwc	90
敞	ihit	58
娼	ihvj	50
鬯	ihox	16
怅	ihny	29
倡	ihwj	26
昶	ihyj	23
猖	ihqj	15
嫦	ihvh	10
氅	ihie	9
伥	ihwy	8
苌	ihay	6
鲳	ihqj	5
菖	ihaj	3
徜	ihtk	3
裳	ihie	2
阊	ihuj	2
鲿	ihqc	2
惝	ihnk	1
𬬮	ihqy	0
超	ikfk	13795
抄	ikrt	7354
炒	ikot	4642
朝	ikfe	4354
潮	ikie	1185
吵	ikkt	1960
钞	ikqt	376
巢	ikvs	312
嘲	ikke	267
焯	ikoj	243
晁	ikji	108
怊	iknk	3
绰	ikxj	1
弨	ikxk	1
耖	ikft	0
车	ielh	28616
扯	ierh	5676
撤	iert	1135
彻	ietv	145
掣	ietr	68
澈	ieit	54
坼	iefy	29
尺	ieny	2
砗	iedl	0
㬚	iejt	0
陈	ifbi	5833
趁	iffe	2775
臣	ifah	2042
沉	ifiw	1069
辰	ifde	562
尘	ifif	405
琛	ifgs	186
抻	ifrh	267
嗔	ifkw	258
衬	ifpf	247
晨	ifje	252
称	ifti	123
宸	ifpe	114
谶	ifyg	83
谌	ifyn	20
瞋	ifhw	13
忱	ifnq	13
梣	ifsn	10
煁	ifon	4
榇	ifss	3
龀	ifhx	3
疢	ifuo	3
棽	ifsn	3
碜	ifde	4
郴	ifsb	1
𬘭	ifxs	0
成	igdn	27010
称	igti	10270
城	igfn	5002
呈	igkg	5547
乘	igtx	2249
撑	igrr	1357
橙	igsu	1252
程	igtg	1154
秤	igtf	452
盛	igdl	798
承	igbi	732
诚	igyn	474
丞	igbg	197
澄	igiu	159
逞	igkp	93
惩	igtn	40
枨	igsy	25
埕	igfg	17
骋	igcn	34
铖	igqn	22
澂	igit	11
珵	iggg	14
琤	iggh	14
塍	igef	14
偁	igwf	9
蛏	igjf	8
赪	igfm	8
噌	igkj	4
酲	igsg	7
宬	igpn	6
柽	igsf	6
瞠	ighf	3
珹	iggn	3
牚	igit	2
晟	igjn	1
铛	igqv	1
憕	ignu	0
裎	igpg	0
庱	igot	0
吃	iikn	47432
池	iiib	1739
持	iirf	2347
赤	iifo	790
尺	iiny	798
迟	iinp	683
齿	iihb	654
敕	iist	440
痴	iiuk	405
驰	iicb	318
翅	iifn	330
耻	iibh	127
嗤	iikj	106
豉	iigc	78
斥	iiry	91
螭	iijc	76
叱	iikx	73
彳	iith	65
蚩	iibj	64
炽	iiow	57
笞	iitk	53
哧	iiko	34
媸	iivj	39
饬	iiqe	23
侈	iiwq	20
弛	iixb	20
褫	iipw	17
魑	iirc	15
摛	iirc	12
鸱	iiqg	8
啻	iiyk	6
瘛	iiun	6
漦	iifi	5
墀	iifg	4
茌	iiaf	4
匙	iijx	3
眵	iihq	3
篪	iitw	2
傺	iiwi	1
踟	iikk	0
胣	iieb	0
瓻	iiry	0
痓	iiuf	0
𫄨	iixh	0
冲	isuh	6622
重	istf	4267
充	isyq	2060
虫	isjy	1881
宠	ispy	726
崇	ismi	215
铳	isqq	122
舂	isde	94
憧	isnf	12
摏	isre	4
艟	istf	2
翀	isnh	5
忡	isnh	1
茺	isaq	1
涌	isie	1
种	isth	2
珫	isgq	1
漴	isii	1
㳘	isiq	0
抽	ibrm	5428
丑	ibng	4443
臭	ibtd	1787
愁	ibtn	1053
瞅	ibho	515
仇	ibwv	596
筹	ibtf	269
稠	ibtk	152
酬	ibsh	121
雠	ibwy	56
俦	ibwf	48
绸	ibxk	39
畴	iblf	31
瘳	ibue	20
惆	ibnk	8
杻	ibsg	4
帱	ibmf	3
椆	ibsk	3
犨	ibwg	2
踌	ibkf	1
侴	ibwj	0
出	iubm	44496
处	iuth	16326
除	iubs	10533
初	iupv	3364
楚	iush	1738
厨	iudf	809
触	iuqj	406
褚	iupj	301
杵	iusf	323
储	iuwj	154
锄	iuqe	163
怵	iuny	154
雏	iuqy	73
橱	iusf	35
畜	iuyl	83
黜	iulm	85
刍	iuqv	46
础	iudm	44
俶	iuwc	34
楮	iusj	37
矗	iufh	32
亍	iugs	28
滁	iuis	24
绌	iuxm	21
樗	iusn	10
憷	iunh	5
斶	iurj	4
搐	iurl	2
摴	iurn	1
躇	iukj	1
蜍	iujs	1
濋	iuih	1
蹰	iukf	0
䝙	iuer	0
䢺	iubb	0
琡	iugc	0
𬺓	iuhh	0
欻	iwow	5
踹	iykj	1418
揣	iyrj	377
搋	iyrw	4
啜	iykc	2
穿	irpt	11449
传	irwy	6270
船	irtk	5140
川	irkh	987
串	irkh	1442
氚	irrk	564
喘	irkj	446
钏	irqk	54
舛	irqg	51
椽	irse	50
遄	irmp	13
床	idos	4117
创	idwj	1318
窗	idpq	1186
闯	idug	578
疮	idub	145
怆	idnb	12
幢	idmf	1
噇	idkf	0
吹	ivkw	12365
锤	ivqa	2664
捶	ivra	686
垂	ivta	481
炊	ivow	133
槌	ivsp	115
圌	ivlj	72
棰	ivsa	18
倕	ivwa	15
陲	ivba	4
纯	ipxn	15335
蠢	ipdj	1947
春	ipdj	2039
唇	ipdk	936
醇	ipsb	904
椿	ipsj	339
淳	ipib	144
蝽	ipjj	38
鹑	ipyg	32
莼	ipan	15
瑃	ipgj	0
䲠	ipqj	0
堾	ipfj	0
𬭚	ipqb	0
戳	iona	5624
啜	iokc	129
辍	iolc	39
绰	ioxj	28
龊	iohh	15
踔	iokj	8
逴	iohp	2
惙	ionc	1
次	ciuw	41345
此	cihx	16871
词	ciyk	18227
刺	cisj	1859
赐	cimr	1050
磁	cidx	864
茨	ciaw	849
呲	cikx	609
辞	citu	450
雌	cihy	359
瓷	ciuy	293
祠	cipk	293
慈	ciun	122
泚	ciix	86
疵	ciux	39
伺	ciwk	22
玼	cigx	18
糍	ciox	15
跐	cikx	11
差	ciua	4
茈	ciax	3
兹	ciux	3
佽	ciww	2
鹚	ciug	1
莿	ciaj	1
𫚖	cihg	0
从	csww	412357
葱	csan	1102
聪	csbn	179
丛	cswg	152
琮	csgi	72
悰	csni	20
骢	cscn	18
枞	cssw	17
璁	csgn	14
淙	csii	5
熜	cson	5
匆	csqy	4
囱	cstq	3
苁	csaw	3
凑	cbud	2627
腠	cbed	3
辏	cbld	3
粗	cuog	3033
醋	cusj	1823
促	cuwh	352
簇	cutd	338
蹙	cudh	167
蹴	cuky	49
猝	cuqf	35
殂	cugg	34
徂	cutg	31
卒	cuyf	30
蔟	cuad	17
窜	crph	825
蹿	crkh	254
汆	crti	180
篡	crtc	176
爨	creo	49
攒	crrm	45
撺	crrh	14
镩	crqh	1
催	cvwy	2044
崔	cvmy	1255
脆	cveb	861
翠	cvnf	176
啐	cvkf	85
萃	cvaf	100
摧	cvry	85
淬	cvif	78
粹	cvof	48
毳	cvee	27
璀	cvgy	24
悴	cvnf	9
瘁	cvuf	8
漼	cviy	5
缞	cvxe	5
榱	cvse	2
寸	cpfy	5686
存	cpdb	3919
村	cpsf	2950
邨	cpgb	47
皴	cpcb	50
忖	cpnf	6
错	coqj	7975
搓	cora	1775
挫	corf	390
措	corj	63
锉	coqf	90
厝	codj	98
撮	corc	91
蹉	coka	82
矬	cotf	51
痤	couf	20
瑳	coga	16
嵯	coma	7
鹾	coha	5
磋	coda	4
脞	coef	2
棤	cosj	0
莝	coaf	0
大	dadd	110653
打	dars	49653
答	datk	13799
达	dadp	7881
搭	dark	3542
哒	dakp	3240
嗒	dakk	184
妲	davg	160
鞑	daap	98
怛	dang	45
沓	daij	48
炟	daog	14
跶	dakp	6
笪	datg	8
耷	dadb	8
靼	daag	5
垯	dafp	4
溚	daik	3
瘩	dauk	2
褡	dapk	1
荙	daap	1
鿎	dadp	0
𨱏	daqk	0
𫟼	daqp	0
带	dlgh	35972
代	dlwy	10664
待	dltf	6848
呆	dlks	7097
戴	dlfw	4434
贷	dlwm	2001
袋	dlwe	1275
黛	dlwo	777
逮	dlvp	363
岱	dlwm	174
殆	dlgk	75
迨	dlcp	59
呔	dlky	53
歹	dlgq	41
玳	dlgy	43
傣	dlwi	39
怠	dlcn	39
绐	dlxk	18
埭	dlfi	17
大	dldd	8
轪	dlld	10
骀	dlck	10
叇	dlfp	0
垈	dlwf	0
但	djwg	516846
单	djuf	11707
蛋	djnj	3140
弹	djxf	3370
淡	djio	997
丹	djmy	806
氮	djro	653
胆	djeg	501
担	djrg	470
旦	djjg	286
啖	djko	134
掸	djrf	117
澹	djiy	76
亶	djyg	62
石	djdg	54
诞	djyp	35
惮	djnf	48
耽	djbq	49
儋	djwy	22
聃	djbf	11
殚	djgf	10
疍	djng	4
箪	djtf	6
憺	djny	6
膻	djeg	5
瘅	djuf	3
眈	djhq	3
萏	djae	3
赕	djmo	1
郸	djub	1
疸	djug	0
𫢸	djwf	0
𬘘	djxq	0
当	dhiv	133037
党	dhiq	5095
档	dhsv	6019
挡	dhrv	2399
裆	dhpv	303
荡	dhar	305
铛	dhqv	101
宕	dhpd	78
砀	dhdr	55
凼	dhib	32
珰	dhgv	23
谠	dhyq	19
菪	dhad	12
垱	dhfv	4
筜	dhtv	2
𣗋	dhsq	0
𬍡	dhiy	0
到	dkgj	322254
道	dkup	25371
刀	dkvt	11412
倒	dkwj	9110
岛	dkqm	4140
导	dknf	827
盗	dkul	1127
叨	dkkv	151
氘	dkrj	424
稻	dkte	197
捣	dkrm	289
悼	dknj	89
纛	dkgi	58
蹈	dkke	44
祷	dkpf	24
捯	dkrj	25
忉	dknv	5
帱	dkmf	3
舠	dktv	2
鱽	dkqv	0
的	dery	15378475
得	detf	31646
地	defb	13039
德	detn	5691
锝	deqf	131
嘚	dekf	104
得	dztf	31646
嘚	dzkf	27
扽	dfrn	28
等	dgtf	396005
灯	dgos	5423
登	dgwu	1435
邓	dgcb	934
蹬	dgku	1033
凳	dgww	237
瞪	dghu	263
噔	dgku	64
镫	dgqu	19
戥	dgja	8
磴	dgdu	7
嶝	dgmu	3
澄	dgiu	2
璒	dggu	1
地	difb	117349
第	ditt	59951
低	diwy	27259
滴	diid	5158
底	dioy	3483
帝	diyh	1742
迪	dimp	878
敌	ditt	1157
蒂	diah	1008
抵	diry	1061
笛	ditm	698
递	diup	580
狄	diqo	345
弟	diut	407
镝	diqd	273
氐	diqy	261
嫡	divd	158
堤	difh	137
骶	dimy	143
棣	disi	109
邸	diqb	138
的	diry	0
碲	didh	94
嘀	dikd	83
睇	diht	76
禘	diph	47
谛	diyh	30
籴	dito	41
砥	didy	21
鞮	diah	24
涤	diis	22
荻	diao	18
菂	diay	21
娣	divt	17
诋	diyy	16
觌	difq	11
羝	diuy	11
柢	disy	5
翟	diny	2
杕	disd	4
髢	didb	4
坻	dify	4
茋	diay	2
缔	dixh	2
踶	dikh	1
媂	divh	1
提	dirh	1
蹢	dikd	1
玓	digy	0
䃅	didf	0
䗖	dijh	0
𤧛	digh	0
𬱖	dimm	0
嗲	dwkq	182
点	dmho	111245
店	dmok	13798
电	dmjn	5019
垫	dmrf	2031
碘	dmdw	1109
殿	dmnc	893
颠	dmfm	413
典	dmmw	356
滇	dmiw	236
甸	dmql	122
掂	dmrk	108
簟	dmtj	68
癫	dmum	46
巅	dmmm	43
奠	dmud	34
靛	dmgh	27
钿	dmql	34
踮	dmkk	33
佃	dmwl	21
淀	dmih	13
玷	dmgk	11
惦	dmnk	8
坫	dmfk	3
癜	dmuc	3
扂	dmyk	2
阽	dmbk	1
琔	dmgh	0
掉	dcrj	10682
调	dcyk	3560
吊	dckh	1550
屌	dcnh	1303
叼	dckg	879
钓	dcqy	467
雕	dcmy	319
刁	dcng	327
貂	dcek	178
凋	dcuk	95
鲷	dcqk	30
碉	dcdk	27
铫	dcqi	9
窎	dcpg	4
铞	dcqh	3
汈	dcig	1
跌	dxkg	2932
爹	dxwq	2843
叠	dxcg	1377
碟	dxds	1241
蝶	dxjs	250
迭	dxtp	71
谍	dxys	38
牒	dxts	30
昳	dxjg	31
鲽	dxqs	9
喋	dxks	8
堞	dxfs	6
瓞	dxrg	5
耋	dxff	3
垤	dxff	3
绖	dxxf	2
楪	dxss	1
蹀	dxks	1
𫶇	dxmh	0
定	dyph	5120
顶	dysm	4057
丁	dysh	2348
盯	dyhs	1404
订	dyys	1072
钉	dyqs	965
鼎	dyhn	689
叮	dyks	718
碇	dydh	570
町	dyls	537
腚	dyeh	334
锭	dyqh	99
玎	dygs	15
啶	dykh	11
酊	dyss	8
仃	dyws	5
疔	dyus	6
耵	dybs	4
萣	dyah	0
丢	dqtc	5100
铥	dqqc	42
懂	dsnf	12113
动	dsfe	4594
东	dsai	3606
洞	dsik	2867
冻	dsui	1086
冬	dstu	1086
董	dsaf	968
栋	dssi	828
咚	dsku	559
氡	dsru	170
侗	dswk	104
鸫	dsag	46
胴	dsek	41
峒	dsmk	9
恫	dsnk	7
硐	dsdk	7
岽	dsmi	5
垌	dsfk	3
胨	dsei	2
𬟽	dsji	0
都	dbfb	391232
斗	dbuf	1728
抖	dbrf	1677
豆	dbgu	1566
逗	dbgp	980
兜	dbrq	827
痘	dbuu	376
陡	dbbh	259
窦	dbpd	173
读	dbyd	10
蔸	dbaq	5
蚪	dbjf	3
钭	dbqf	3
篼	dbtq	1
读	duyd	28867
度	duoc	25439
都	dufb	23501
赌	dumj	2983
毒	dugx	2465
堵	dufj	1821
杜	dusf	1634
独	duqj	1044
渡	duic	574
督	duhh	242
肚	duef	214
镀	duqc	232
笃	dutg	143
嘟	dukb	191
蠹	dugj	81
睹	duhj	74
妒	duvn	75
犊	ducd	52
渎	duid	30
椟	dusd	32
牍	dutd	21
阇	duuj	11
厾	dunc	4
芏	duaf	4
黩	duld	3
髑	dumj	1
𬭊	duqf	0
端	druj	8749
段	drtc	7791
短	drtu	6811
断	dror	2257
椴	drsc	61
锻	drqc	76
缎	drxc	30
耑	drmj	20
煅	droc	9
塅	drfc	8
簖	drtr	1
瑖	drgc	0
对	dvcf	584384
队	dvbw	6614
怼	dvcn	6086
堆	dvfy	3046
兑	dvuq	1167
碓	dvdy	54
祋	dvpc	2
㨃	dvrg	0
吨	dpkn	5262
蹲	dpkf	3116
盾	dprh	1945
炖	dpon	1211
顿	dpgm	1311
惇	dpnb	478
墩	dpft	252
遁	dprp	254
钝	dpqn	219
敦	dpyt	218
趸	dpgh	33
囤	dpln	30
盹	dphn	28
沌	dpin	17
镦	dpqt	7
礅	dpdt	3
蹾	dpkt	1
砘	dpdn	1
多	doqq	146987
躲	dots	2230
夺	dodf	954
剁	dowj	702
朵	dows	544
堕	dobf	338
度	dooc	278
舵	dotx	253
跺	doks	157
铎	doqg	105
哆	dokq	85
踱	dokc	82
惰	done	64
垛	dofs	40
咄	dokm	29
掇	dorc	11
埵	dofa	1
亸	doyf	4
驮	docd	4
哚	doks	2
剟	docj	1
裰	dopc	0
饳	doqm	0
㙍	dofc	0
额	eepm	4967
恶	eegn	2738
呃	eekb	2650
俄	eewy	1802
饿	eeqy	1652
鹅	eetg	1549
厄	eedb	584
讹	eeyx	516
鳄	eeqn	230
鄂	eekb	229
娥	eevy	139
欸	eecw	171
蛾	eejy	158
颚	eekm	112
腭	eeen	69
锇	eeqy	91
扼	eerb	71
阿	eebk	28
轭	eelb	25
莪	eeay	23
遏	eejp	17
谔	eeyn	22
屙	eenk	17
萼	eean	8
锷	eeqn	15
鹗	eekg	13
愕	eenn	12
峨	eemy	10
涐	eeiy	8
垩	eegf	7
崿	eemn	7
噩	eegk	6
哦	eeky	3
婀	eevk	2
姶	eevk	1
苊	eeab	0
堨	eefn	0
𥔲	eedn	0
𫫇	eesn	0
诶	ezyt	5305
欸	ezcw	171
嗯	efkn	10134
恩	efln	3715
摁	efrn	852
蒽	efan	34
嗯	egkn	10134
而	erdj	539248
二	erfg	52511
儿	erqn	8237
耳	erbg	2471
尔	erqi	1861
贰	eray	458
饵	erqb	227
迩	erqp	52
铒	erqb	30
珥	ergb	29
鸸	erdg	4
洱	erib	3
鲕	erqj	3
耏	erde	2
陑	erbj	1
咡	erkb	1
发	fany	22519
法	faic	20611
伐	fawa	1770
罚	falj	1541
阀	faua	193
乏	fatp	110
筏	fata	26
珐	fagc	26
垡	fawf	3
砝	fadc	3
反	fjrc	9676
饭	fjqc	7238
翻	fjtn	6972
犯	fjqb	2896
范	fjab	1752
泛	fjip	2595
凡	fjwy	2551
番	fjtl	1698
烦	fjom	1482
返	fjrp	949
帆	fjmy	527
藩	fjal	503
繁	fjti	303
梵	fjsy	258
樊	fjsd	238
蕃	fjal	178
贩	fjmc	134
钒	fjqy	131
矾	fjdy	119
幡	fjml	92
燔	fjol	56
氾	fjib	44
蘩	fjai	12
璠	fjgl	11
蹯	fjkl	8
畈	fjlc	7
墦	fjfl	1
𫔍	fjql	0
𬸪	fjtg	0
放	fhyt	22767
方	fhyt	10747
防	fhby	4425
房	fhyy	3091
仿	fhwy	1115
坊	fhfy	718
芳	fhay	320
访	fhyy	181
钫	fhqy	77
昉	fhjy	74
纺	fhxy	51
枋	fhsy	38
鲂	fhqy	33
妨	fhvy	24
肪	fhey	15
舫	fhty	14
蚄	fhjy	1
邡	fhyb	0
牥	fhcy	0
非	fzhd	38568
费	fzxm	7341
飞	fznu	5448
肺	fzeh	2331
废	fzoy	2142
肥	fzec	1018
菲	fzad	588
妃	fzvn	467
匪	fzad	386
绯	fzxd	182
斐	fzhy	115
吠	fzkd	96
沸	fzij	68
啡	fzkd	59
霏	fzfd	54
榧	fzsd	30
扉	fzyd	29
腓	fzed	24
淝	fzic	21
蜚	fzhj	16
朏	fzem	9
镄	fzqm	9
诽	fzyd	9
痱	fzud	6
翡	fzhn	6
狒	fzqj	6
鲱	fzqd	5
悱	fznd	5
芾	fzah	4
棐	fzhs	3
剕	fzhj	1
篚	fztd	0
𬴂	fzcd	0
分	ffwv	101685
粉	ffov	10680
份	ffwv	6573
坟	fffy	717
芬	ffav	667
粪	ffow	546
焚	ffso	189
汾	ffiv	134
酚	ffsv	74
忿	ffwn	84
愤	ffnm	80
奋	ffdl	75
偾	ffwm	12
纷	ffxv	40
氛	ffrv	25
棻	ffas	4
棼	ffsv	7
鲼	ffqm	9
瀵	ffiw	6
玢	ffgv	4
翂	ffnv	2
吩	ffkv	1
坋	fffv	1
鼢	ffev	0
豮	ffgm	0
𣸣	ffim	0
风	fgwr	8721
封	fgff	3871
冯	fgug	1799
峰	fgmh	1405
疯	fgur	1524
缝	fgxp	944
奉	fgdg	974
逢	fgtp	856
锋	fgqh	495
丰	fgdh	292
凤	fgwc	317
枫	fgsr	270
蜂	fgjh	218
俸	fgwg	94
沣	fgih	31
讽	fgyr	59
葑	fgaf	38
沨	fgir	22
烽	fgoh	21
酆	fgmb	19
唪	fgkg	11
砜	fgdr	6
崶	fgmf	5
赗	fgmh	2
浲	fgih	2
佛	fowj	1506
否	fbdk	1081
缶	fbtb	94
负	fuqm	4145
附	fubf	4846
服	fuec	3361
副	fugj	3013
付	fuwf	2603
福	fupl	1378
府	fuof	1107
复	futt	1786
富	fupl	1296
夫	fugy	1472
赴	fufh	1308
父	fuwr	868
扶	furg	833
氟	furj	825
赋	fumy	822
弗	fuxj	799
符	futf	675
伏	fuwd	697
傅	fuwf	443
幅	fuml	657
敷	fust	587
芙	fuag	594
斧	fuwr	538
釜	fuwu	598
腹	fuet	542
浮	fuib	375
辅	fuls	375
妇	fuvv	211
甫	fusy	319
覆	fust	290
抚	furq	249
拂	furj	244
腐	fuow	218
缚	fuxf	233
俘	fuwb	170
俯	fuwf	126
腑	fuef	103
辐	full	83
孚	fueb	77
孵	fuqb	77
佛	fuwj	64
阜	futf	50
凫	fuqw	61
肤	fueg	69
蝠	fujl	56
祓	fupy	52
脯	fues	48
芣	fuah	43
黼	fuos	41
鄜	fuob	40
馥	futt	24
涪	fuik	42
桴	fusb	31
黻	fuoy	29
苻	fuaf	28
拊	furf	27
麸	fugg	23
郛	fueb	24
玞	fugg	20
簠	futl	20
绂	fuxy	16
宓	fupt	14
跗	fukf	13
茯	fuad	8
赙	fumf	4
莩	fuab	12
趺	fukg	12
茀	fuaj	11
蝮	fujt	11
稃	futb	10
匐	fuql	8
罘	fulh	8
驸	fucf	10
怫	funj	7
呋	fukg	7
袱	fupd	7
洑	fuid	7
榑	fusf	7
鲋	fuqf	5
菔	fuac	5
滏	fuiu	5
芾	fuah	4
咐	fukf	2
幞	fumg	3
艴	fuxc	2
绋	fuxj	2
蚨	fujg	1
韨	fufy	1
琈	fugb	1
垺	fufb	1
讣	fuyh	1
蜉	fujb	0
砆	fudg	0
㕮	fukr	0
㳇	fuir	0
𫓧	fuqg	0
𫖯	fuqm	0
尬	gadj	1155
嘎	gaka	453
噶	gakn	429
伽	gawk	326
尕	gabi	33
钆	gaqn	57
咖	gakk	31
旮	gavj	17
尜	gaii	3
轧	galn	1
戛	gada	1
该	glyw	67966
改	glnt	11376
盖	glul	3943
钙	glqn	1392
概	glsq	117
丐	glgn	35
垓	glfw	15
陔	glbw	11
溉	gliq	12
赅	glmw	6
荄	glaw	3
戤	glba	0
晐	gljw	0
𬮿	glbn	0
感	gjdn	21704
干	gjfh	16397
敢	gjnt	6273
肝	gjef	3656
杆	gjsf	1769
赶	gjff	1987
甘	gjfg	561
柑	gjsf	157
淦	gjiq	380
赣	gjum	143
苷	gjaf	122
擀	gjrf	138
绀	gjxf	114
竿	gjtf	81
尴	gjdl	45
橄	gjst	42
秆	gjtf	23
酐	gjsf	20
鳡	gjqn	16
玕	gjgf	5
矸	gjdf	2
泔	gjif	3
坩	gjff	2
旰	gjjf	2
疳	gjuf	1
澉	gjit	1
虷	gjjf	0
㽏	gjif	0
刚	ghmj	24253
岗	ghmr	4065
港	ghin	2436
杠	ghsa	2300
缸	ghta	1463
钢	ghqr	1184
纲	ghxr	450
肛	ghea	291
冈	ghmr	178
罡	ghlh	29
矼	ghda	23
扛	ghra	9
戆	ghun	10
冮	ghua	4
堽	ghfh	1
筻	ghtr	0
㭎	ghsr	0
鿍	ghfg	0
高	gkyk	65920
搞	gkrk	29234
稿	gktk	1748
告	gktk	1501
膏	gkye	517
糕	gkoo	462
镐	gkqk	169
诰	gkyk	150
皋	gkrf	83
锆	gkqk	73
郜	gktb	51
缟	gkxk	48
睾	gktf	26
藁	gkas	18
杲	gkjs	16
篙	gktk	16
槔	gksf	12
羔	gkuo	11
槁	gksk	7
筶	gktk	1
个	gewh	215733
各	getk	20609
哥	gesk	7145
歌	gesw	15474
格	gesk	3985
割	gepj	2805
隔	gebh	1678
咯	gekk	1575
搁	gerk	1328
戈	geay	433
葛	gean	429
阁	geuk	420
铬	geqk	437
鸽	gewg	443
镉	geqh	269
革	geaf	276
嗝	gekh	292
硌	gedk	290
膈	geeh	77
鬲	gegh	33
胳	geek	26
蛤	gejk	15
骼	gemk	14
盖	geul	11
舸	getk	12
圪	gefn	5
疙	geun	5
饹	geqk	5
滆	geih	4
袼	gepk	3
哿	geek	3
仡	gewn	3
合	gewk	2
虼	gejn	0
塥	gefh	0
给	gzxk	188201
跟	gfkv	147430
根	gfsv	4698
哏	gfkv	151
艮	gfvy	127
亘	gfgg	25
茛	gfav	0
更	gggr	125721
梗	ggsr	5783
羹	ggud	441
耿	ggbo	251
耕	ggfj	162
庚	ggow	95
埂	ggfr	28
哽	ggkr	11
赓	ggom	7
暅	ggjg	7
鲠	ggqr	5
浭	ggir	2
颈	ggcm	2
绠	ggxr	1
鹒	ggog	0
𬒔	ggde	0
共	gsaw	11994
供	gsww	4887
弓	gsxn	3446
工	gsaa	1844
公	gswc	2184
宫	gspk	1662
攻	gsat	1994
功	gsae	1686
拱	gsrw	650
龚	gsdw	222
汞	gsai	541
贡	gsam	437
恭	gsan	263
巩	gsay	199
躬	gstx	151
肱	gsec	66
觥	gsqq	32
蚣	gsjc	4
珙	gsgw	4
䢼	gsab	0
硔	gsdw	0
狗	gbqk	12136
够	gbqq	10268
勾	gbqc	1513
钩	gbqc	1071
购	gbmc	442
沟	gbic	760
苟	gbak	664
构	gbsc	242
垢	gbfk	113
篝	gbtf	56
遘	gbap	30
彀	gbfc	29
诟	gbyk	28
觏	gbaq	19
媾	gbvf	18
枸	gbsk	19
姤	gbvk	10
雊	gbqy	7
鞲	gbaf	5
句	gbqk	3
笱	gbtk	2
缑	gbxd	5
佝	gbwk	0
岣	gbmk	0
耇	gbfk	0
故	gudt	7457
股	guec	4544
古	gudg	3747
鼓	gufc	2726
谷	guwk	1974
骨	gume	1933
顾	gudm	1271
钴	guqd	809
雇	guyy	708
孤	guby	684
固	guld	605
菇	guad	312
姑	guvd	257
蛊	gujl	277
箍	guth	269
估	guwd	226
咕	gukd	115
瞽	gufh	114
沽	guid	94
菰	guay	66
诂	guyd	45
辜	gudu	57
毂	gufc	56
榖	gufc	41
觚	guqy	40
贾	gusm	29
酤	gusd	19
锢	guqd	15
崮	gumd	15
堌	gufd	14
蛄	gujd	10
罟	guld	8
汩	guij	6
鹘	gumg	8
轱	guld	7
牯	gucd	7
嘏	gudc	6
梏	gusk	5
鲴	guqd	4
呱	guky	2
鹄	gutg	2
痼	guud	4
鸪	gudg	1
羖	guuc	1
瀔	guic	1
臌	guec	0
馉	guqe	0
牿	guck	0
蓇	guae	0
𦙶	gued	0
挂	gwrf	9446
刮	gwtj	2091
瓜	gwry	1891
卦	gwfh	661
寡	gwpv	210
呱	gwky	121
剐	gwkj	105
胍	gwey	27
褂	gwph	38
栝	gwsd	21
鸹	gwtg	2
诖	gwyf	1
怪	gynf	7505
乖	gytx	655
拐	gyre	552
夬	gynw	28
掴	gyry	14
管	grtn	7788
关	grud	4885
官	grpn	2959
观	grcq	2517
馆	grqn	2030
冠	grpf	1209
灌	griy	968
罐	grty	934
棺	grsn	369
贯	grxm	380
惯	grnm	245
毌	grxh	21
倌	grwn	53
掼	grrm	37
瓘	grgy	22
祼	grps	25
鹳	grag	24
琯	grgn	17
鳏	grqi	16
筦	grtq	12
爟	groy	8
盥	grel	5
涫	grin	2
纶	grxx	2
莞	graq	2
鳤	grqn	1
蒄	graf	0
光	gdiq	17724
广	gdot	3917
逛	gdqp	3196
咣	gdkq	153
洸	gdiq	12
桄	gdsq	7
犷	gdqo	4
胱	gdeq	2
垙	gdfq	1
珖	gdgq	0
𨐈	gdlq	0
贵	gvkm	9566
归	gvjv	6627
鬼	gvrc	4597
柜	gvsn	761
跪	gvkb	1509
轨	gvlv	1097
硅	gvdf	833
龟	gvqn	832
桂	gvsf	325
圭	gvff	313
规	gvgq	287
诡	gvyb	302
瑰	gvgc	293
珪	gvgf	196
簋	gvtl	174
癸	gvwd	156
妫	gvvy	114
邽	gvfb	104
鲑	gvqf	26
刿	gvmj	95
晷	gvjk	51
闺	gvuf	24
桧	gvsc	23
刽	gvwj	11
鳜	gvqw	10
鬶	gvgh	7
宄	gvpv	7
庋	gvoc	5
匦	gvav	5
皈	gvrc	4
炅	gvjo	2
姽	gvvb	0
筀	gvtf	0
滚	gpie	2437
棍	gpsx	638
鲧	gpqi	473
辊	gplx	39
衮	gpue	39
绲	gpxx	1
磙	gpde	0
过	gofp	109187
国	goly	7173
锅	goqw	6833
郭	goyb	2742
果	gojs	1852
裹	goye	701
粿	goos	334
虢	goew	155
椁	gosb	37
馘	goug	31
腘	goey	19
掴	gory	14
馃	goqs	14
崞	gomb	9
呙	gokw	8
帼	gomy	6
蝈	gojy	5
聒	gobd	3
蜾	gojs	1
涡	goiw	1
埚	gofw	0
𬇹	goiy	0
哈	hakk	16497
蛤	hajk	334
铪	haqk	83
还	hldp	206072
海	hlix	3897
嗨	hlkx	2908
害	hlpk	2022
氦	hlrw	1502
孩	hlbw	188
亥	hlyw	221
嗐	hlkk	163
醢	hlsl	131
骇	hlcw	54
骸	hlmw	38
咳	hlkw	14
咍	hlkk	12
胲	hlew	0
含	hjwk	7617
喊	hjkk	6187
汉	hjic	3160
韩	hjfh	2634
汗	hjif	2356
寒	hjpu	1222
邯	hjfb	755
函	hjbb	400
憨	hjnn	452
焊	hjof	418
旱	hjjf	286
焓	hjok	219
悍	hjnf	132
罕	hjpf	127
涵	hjib	117
翰	hjfn	65
憾	hjnn	68
酣	hjsf	72
撼	hjrn	41
瀚	hjin	44
颔	hjwm	44
晗	hjjk	37
捍	hjrf	34
蚶	hjjf	30
鼾	hjtf	18
扞	hjrf	17
菡	hjab	4
邗	hjfb	4
琀	hjgk	3
暵	hjjg	2
犴	hjqf	2
顸	hjfm	1
撖	hjrt	1
浛	hjik	1
虷	hjjf	0
㘎	hjkt	0
垾	hjff	0
崡	hjmb	0
嵅	hjmk	0
蔊	hjaf	0
行	hhts	5190
杭	hhsw	248
航	hhtw	257
夯	hhde	55
沆	hhiw	9
颃	hhym	4
绗	hhxs	3
巷	hhan	2
吭	hhkw	1
好	hkvb	124546
号	hkkn	63550
薅	hkaf	1337
耗	hkfe	1120
浩	hkik	292
豪	hkye	626
壕	hkfe	467
嚎	hkke	374
郝	hkfb	274
蚝	hkje	278
皓	hkrk	209
蒿	hkak	153
毫	hkye	131
昊	hkjd	79
皞	hkrf	94
濠	hkie	74
灏	hkim	70
貉	hkek	27
鄗	hkyb	21
淏	hkid	13
嗥	hkkf	11
颢	hkjm	9
镐	hkqk	4
嚆	hkkk	0
和	hetk	2111735
喝	hekn	13171
核	hesw	3581
盒	hewl	1981
何	hewk	1905
合	hewk	2950
河	heik	2141
呵	hekk	1775
贺	heem	484
鹤	hepg	584
赫	hefo	438
荷	heak	401
禾	hett	388
阖	heul	194
龁	hehn	186
嗬	hekk	169
褐	hepn	137
曷	hejn	104
颌	hewm	76
郃	hewb	63
盍	hefl	50
涸	heid	41
诃	heyk	30
鹖	hejg	32
劾	heye	30
貉	heek	27
纥	hexn	27
盉	hetl	26
壑	hehf	20
吓	hekh	22
龢	hewt	13
熇	heok	12
菏	heak	10
饸	heqk	3
翮	hegn	8
翯	henk	7
阂	heuw	2
垎	hefk	2
隺	hepy	2
鞨	hean	0
𬌗	heak	0
黑	hzlo	22743
嘿	hzko	2186
𬭶	hzqo	0
很	hftv	86016
恨	hfnv	2840
狠	hfqv	2204
痕	hfuv	175
𬣳	hfye	0
哼	hgkb	2910
横	hgsw	1942
恒	hgng	605
衡	hgts	138
亨	hgyb	261
珩	hggs	44
桁	hgss	37
蘅	hgas	18
鸻	hgtg	12
姮	hgvg	9
行	hgts	1
堼	hgff	0
红	hsxa	7811
烘	hsow	661
宏	hspc	1068
哄	hskw	1004
轰	hslc	779
虹	hsja	330
洪	hsiw	401
鸿	hsig	254
薨	hsax	241
弘	hsxc	122
泓	hsic	98
纮	hsxc	43
闳	hsuc	38
吽	hskg	34
竑	hsuc	10
黉	hsiw	12
翃	hsdn	5
訇	hsqy	4
蕻	hsaw	3
唝	hskm	3
讧	hsya	2
荭	hsaa	1
玒	hsga	0
谼	hsww	0
𫟹	hsqw	0
𬭎	hsqc	0
后	hbrk	277470
厚	hbdb	3768
吼	hbkn	1987
侯	hbwd	1282
猴	hbqd	1037
候	hbwd	358
喉	hbkd	341
齁	hbtk	200
鲎	hbig	143
堠	hbfd	19
垕	hbrf	11
逅	hbrp	6
糇	hbod	3
瘊	hbud	3
骺	hbmk	1
篌	hbtd	0
郈	hbrb	0
鲘	hbqk	0
𬭤	hbqd	0
壶	hufo	3441
户	huyn	2230
湖	huie	1998
胡	hude	2335
虎	huhw	1943
乎	hutf	2143
糊	huoe	1234
和	hutk	1396
互	hugx	990
呼	hukf	1132
护	hurn	872
沪	huin	804
忽	huqn	596
弧	huxy	381
狐	huqy	222
唬	hukw	211
核	husw	148
斛	huqf	174
瑚	huge	89
瓠	hudy	67
縠	hufc	53
笏	hutr	41
鹄	hutg	29
鄠	hufb	11
葫	huae	25
煳	huoe	16
扈	huyc	22
烀	huof	21
祜	hupd	20
怙	hund	14
惚	hunn	11
觳	hufc	11
鹘	humg	8
岵	humd	6
唿	hukn	6
冱	huux	4
鹱	huqc	3
鳠	huqc	3
蝴	huje	3
琥	hugw	3
淴	huin	3
浒	huif	2
鹕	hudg	2
醐	huse	2
槲	husf	2
滹	huif	2
囫	hulr	1
戽	huyf	1
嫭	huvf	1
轷	hulf	1
猢	huqe	1
昈	hujn	1
昒	hujr	0
花	hwax	22897
化	hwwx	15973
画	hwgb	15851
话	hwyd	12953
滑	hwie	1869
华	hwwf	1363
划	hwaj	1835
哗	hwkf	143
桦	hwsf	15
婳	hwvb	15
骅	hwcf	15
猾	hwqe	8
砉	hwdd	8
铧	hwqf	6
觟	hwqf	0
坏	hyfh	4555
怀	hynh	553
淮	hyiy	309
踝	hyks	131
槐	hysc	49
徊	hytk	9
换	hrrd	18772
还	hrdp	12366
环	hrgh	3001
患	hrkn	1600
幻	hrxn	575
缓	hrxc	481
欢	hrcw	417
唤	hrkd	440
嬛	hrve	394
桓	hrsg	216
寰	hrpe	163
浣	hriq	166
焕	hrod	96
獾	hrqy	94
涣	hrid	50
洹	hrig	46
圜	hrle	40
豢	hrue	40
郇	hrqb	24
鲩	hrqq	10
奂	hrqd	17
宦	hrph	15
萑	hray	14
逭	hrpp	9
擐	hrre	9
缳	hrxe	8
鹮	hrlg	6
澴	hrie	5
镮	hrqe	6
漶	hrin	5
鬟	hrde	3
睆	hrhq	2
痪	hrud	1
貆	hreg	1
峘	hrmg	0
锾	hrqc	0
㬊	hrjc	0
荁	hrag	0
𤩽	hrgd	0
𬘫	hrxq	0
黄	hdaw	5843
慌	hdnk	1463
皇	hdrg	845
晃	hdjq	929
荒	hdak	522
谎	hdyk	245
簧	hdtw	188
煌	hdog	108
篁	hdtg	90
凰	hdwg	72
幌	hdmq	63
蝗	hdjg	62
恍	hdnq	49
滉	hdiq	27
遑	hdrp	23
潢	hdiw	23
璜	hdgw	23
湟	hdig	16
磺	hddw	16
肓	hdye	11
锽	hdqg	9
徨	hdtg	8
惶	hdng	6
鳇	hdqg	4
隍	hdbg	3
喤	hdkg	3
艎	hdtg	3
癀	hduw	2
蟥	hdjw	1
媓	hdvg	1
瑝	hdgg	0
㿠	hdrq	0
𨱑	hdqw	0
会	hvwc	328671
回	hvlk	13977
灰	hvdo	2616
毁	hvec	1178
汇	hvia	803
惠	hvgn	605
茴	hvak	470
绘	hvxc	380
挥	hvrl	461
辉	hvil	410
悔	hvnx	305
慧	hvdn	183
喙	hvke	275
晖	hvjl	91
烩	hvoc	242
讳	hvyh	171
恢	hvno	147
徽	hvtt	100
卉	hvfa	86
虺	hvgj	81
蕙	hvan	69
秽	hvtq	67
麾	hvoe	56
晦	hvjx	47
诲	hvyx	44
隳	hvbn	40
恚	hvfn	36
荟	hvac	33
浍	hvic	16
洄	hvik	14
翚	hvnl	13
贿	hvme	11
翙	hvmn	11
咴	hvko	11
珲	hvgl	11
蛔	hvjk	9
彗	hvdv	8
哕	hvkq	5
诙	hvyo	5
袆	hvph	4
橞	hvsn	2
蟪	hvjn	1
桧	hvsc	1
溃	hvim	1
烠	hvoe	1
硊	hvdb	0
㧑	hvry	0
𬤝	hvyn	0
𬭬	hvqv	0
混	hpix	8453
魂	hpfc	1858
婚	hpvj	369
荤	hpal	301
浑	hpil	301
昏	hpqj	265
溷	hpie	15
珲	hpgl	11
阍	hpuj	10
馄	hpqx	7
诨	hpyl	5
惛	hpnj	4
碈	hpdj	0
或	hoag	209059
活	hoid	9137
火	hooo	8400
货	howm	5474
获	hoad	2366
霍	hofy	738
嚯	hoky	366
祸	hopw	297
豁	hopk	352
伙	howo	150
和	hotk	143
惑	hoan	118
镬	hoqc	100
藿	hoay	47
钬	hoqo	25
濩	hoic	18
夥	hojq	15
嚄	hokc	10
蠖	hojc	4
攉	hory	4
漷	hoib	4
劐	hoaj	3
耠	hofk	1
佸	howd	1
锪	hoqn	0
㸌	hooy	0
𬴃	hocd	0
及	jiby	92194
即	jivb	61899
级	jixy	32063
机	jisw	8380
既	jivq	15752
集	jiws	12096
记	jiyn	8509
鸡	jicg	5000
极	jisy	4836
几	jiwn	3668
季	jitb	2420
肌	jiew	1871
基	jidf	2251
急	jiqn	2364
系	jiti	2933
继	jixn	2239
挤	jirj	2461
计	jiyf	1785
剂	jiyj	1265
给	jixk	1883
寄	jipk	1629
姬	jivh	945
技	jirc	1062
祭	jiwi	1241
吉	jifk	1335
寂	jipc	870
籍	jitj	640
击	jigb	878
纪	jixn	889
忌	jinn	821
己	jinn	681
积	jitw	569
暨	jivg	403
辑	jilb	395
脊	jiie	355
疾	jiud	320
戟	jifa	309
箕	jitw	274
激	jiit	240
济	jiij	221
矶	jidw	167
叽	jikw	218
迹	jiyp	146
饥	jiqw	179
绩	jixm	134
冀	jiuw	163
棘	jism	146
藉	jiaj	133
际	jibi	127
稷	jitt	116
妓	jivc	116
汲	jiiy	113
蓟	jiaj	83
伋	jiwy	28
赍	jifm	82
亟	jibg	75
髻	jidk	72
殛	jigg	70
鲫	jiqb	70
伎	jiwc	61
稽	jitj	61
偈	jiwn	59
畸	jilk	30
霁	jifj	42
圾	jify	57
嫉	jivd	47
讥	jiyw	45
奇	jidk	44
笈	jity	36
骥	jicw	40
嵴	jime	36
唧	jikb	35
齑	jiyg	34
乩	jihn	33
戢	jiky	31
玑	jigw	31
畿	jixl	29
芰	jiac	28
嵇	jitm	27
洎	jiih	24
罽	jilj	22
笄	jita	22
楫	jisb	21
羁	jilg	21
跻	jikj	19
麂	jiow	19
垍	jifh	18
姞	jivk	15
荠	jiaj	15
蕺	jiay	14
屐	jinc	13
跽	jikn	12
觊	jimq	11
漈	jiii	9
悸	jinb	8
缉	jixb	7
剞	jidj	7
鲚	jiqj	6
觭	jiqk	6
佶	jiwk	6
掎	jirk	5
岌	jimy	4
惎	jidn	4
耤	jifj	4
虮	jijw	4
芨	jiay	3
瘠	jiue	2
期	jide	2
蹐	jike	2
犄	jick	2
穄	jiti	1
堲	jivf	1
蒺	jiad	1
墼	jilf	1
瀱	jiij	1
鹡	jiig	0
鱾	jiqn	0
㴔	jiin	0
徛	jitk	0
枅	jisa	0
𪟝	jige	0
𫌀	jipm	0
𫓯	jiqf	0
𫓹	jiqw	0
𬯀	jibj	0
𬶨	jivg	0
𬶭	jiqi	0
加	jwek	33613
家	jwpe	29921
假	jwwc	7145
价	jwwj	3402
甲	jwlh	5124
架	jwes	3014
夹	jwgd	3022
贾	jwsm	1095
嫁	jwve	1021
佳	jwwf	887
钾	jwql	930
嘉	jwfk	551
伽	jwwk	326
驾	jweg	295
痂	jwuk	156
镓	jwqe	156
颊	jwgm	118
荚	jwad	71
枷	jwsk	117
迦	jwep	95
葭	jwac	82
岬	jwml	50
珈	jwgk	46
斝	jwkf	31
笳	jwtk	30
郏	jwgb	29
瘕	jwuc	13
铗	jwqd	23
戛	jwda	23
稼	jwte	21
浃	jwid	16
茄	jwak	9
胛	jwel	7
槚	jwsm	4
跏	jwkk	3
蛱	jwjd	3
袈	jwee	2
恝	jwdn	3
泇	jwik	1
𬂩	jwsd	0
间	jmuj	16941
见	jmmq	15838
件	jmwg	6447
键	jmqp	5299
剑	jmwj	5570
兼	jmuw	4400
建	jmvp	3287
减	jmuk	3446
煎	jmuo	2605
捡	jmrg	2887
箭	jmtj	2601
剪	jmuv	2372
肩	jmye	2122
简	jmtj	1849
尖	jmid	1136
舰	jmtq	1327
贱	jmma	826
健	jmwp	500
碱	jmdk	492
歼	jmgf	552
茧	jmaj	390
监	jmjl	387
荐	jmab	375
溅	jmia	334
渐	jmir	348
拣	jmrw	338
检	jmsg	282
僭	jmwj	275
谏	jmyl	257
奸	jmvf	249
坚	jmjf	188
鉴	jmjq	176
笺	jmta	137
涧	jmij	102
践	jmka	103
蹇	jmph	92
艰	jmcv	63
翦	jmun	62
菅	jman	57
俭	jmwg	54
柬	jmsl	41
缄	jmxk	34
腱	jmep	34
笕	jmtq	7
缣	jmxw	25
锏	jmqj	22
睑	jmhg	16
戋	jmga	15
鞬	jmap	14
謇	jmpy	13
湔	jmij	9
踺	jmkp	9
犍	jmcp	8
裥	jmpj	8
槛	jmsl	7
蒹	jmaw	6
搛	jmrw	6
鲣	jmqf	6
枧	jmsq	6
戬	jmga	5
鹣	jmug	5
楗	jmsp	4
暕	jmjl	3
谫	jmyv	2
毽	jmep	2
趼	jmka	2
篯	jmta	1
饯	jmqa	1
鞯	jmab	0
牮	jmwg	0
鳒	jmqw	0
𬣡	jmya	0
将	jduf	189390
讲	jdyj	44622
奖	jdud	6058
酱	jdug	5127
姜	jduv	2670
江	jdia	1131
降	jdbg	1710
蒋	jdaf	1144
僵	jdwg	542
匠	jdar	409
桨	jdus	456
浆	jdui	382
犟	jdxg	202
绛	jdxg	158
疆	jdxg	111
缰	jdxg	40
鳉	jdqf	12
豇	jdga	4
洚	jdig	4
强	jdxj	2
耩	jdff	2
弶	jdxi	2
虹	jdja	1
糨	jdoj	1
礓	jddg	1
茳	jdaa	1
膙	jdej	0
叫	jckh	59607
交	jcur	8677
较	jclr	9837
教	jcft	8984
脚	jceb	6234
角	jcqe	3157
胶	jcer	1373
浇	jciq	1042
缴	jcxt	881
焦	jcwo	1003
搅	jcrq	705
嚼	jckf	496
窖	jcpk	433
椒	jcsc	273
娇	jcvj	260
绞	jcxr	282
跤	jckr	148
鲛	jcqr	236
轿	jclj	204
矫	jctj	191
剿	jcvj	129
蛟	jcjr	147
徼	jctt	125
骄	jccj	126
礁	jcdo	127
饺	jcqr	122
蕉	jcao	97
铰	jcqr	97
狡	jcqr	89
皎	jcrr	55
郊	jcub	56
湫	jcio	53
姣	jcvr	28
酵	jcsb	25
滘	jcik	21
校	jcsr	29
鹪	jcwg	25
醮	jcso	25
皦	jcrt	21
觉	jciq	18
敫	jcrt	15
艽	jcav	10
茭	jcar	9
峤	jcmj	10
佼	jcwr	10
璬	jcgt	9
燋	jcoo	9
侥	jcwq	6
斠	jcaf	6
皭	jcrf	5
峧	jcmr	1
藠	jcar	1
噍	jcko	1
漖	jcit	1
僬	jcwo	0
恔	jcnr	0
䴔	jcug	0
届	jxnm	8712
界	jxlj	7232
接	jxrv	7697
借	jxwj	8652
皆	jxxr	8262
解	jxqg	4988
节	jxab	3912
姐	jxvg	3561
街	jxts	2637
结	jxxk	1414
截	jxfy	1092
杰	jxso	546
劫	jxfe	769
戒	jxaa	796
阶	jxbj	682
揭	jxrn	389
介	jxwj	359
蚧	jxjj	51
洁	jxik	177
捷	jxrh	186
芥	jxaj	139
藉	jxaj	133
嗟	jxka	126
诘	jxyk	120
羯	jxun	116
桀	jxqs	108
竭	jxun	107
价	jxwj	32
桔	jxsk	52
颉	jxfm	55
疖	jxub	34
孑	jxbg	32
诫	jxya	32
婕	jxvh	28
玠	jxgj	23
疥	jxuj	19
睫	jxhh	11
碣	jxdn	11
絜	jxdi	12
劼	jxfe	12
秸	jxtk	10
拮	jxrk	6
檞	jxsg	5
骱	jxmj	3
湝	jxir	3
楷	jxsr	3
蜐	jxje	2
鲒	jxqk	2
讦	jxyf	1
喈	jxkr	1
悈	jxna	1
褯	jxph	0
岊	jxcm	0
㛃	jxdv	0
进	jnfp	22194
近	jnrp	18395
仅	jnwc	14293
金	jnqq	10139
斤	jnrh	8267
今	jnwn	4694
尽	jnnu	2868
劲	jnce	2077
紧	jnji	1517
晋	jngj	1040
禁	jnsi	922
筋	jnte	954
津	jnig	318
巾	jnmh	109
锦	jnqh	436
浸	jnic	227
堇	jnag	187
谨	jnyg	191
靳	jnar	182
槿	jnsg	123
衿	jnpn	113
瑾	jngg	83
烬	jnou	93
襟	jnpi	82
矜	jncn	68
瑨	jngj	43
噤	jnki	14
溍	jnij	7
缙	jnxj	10
觐	jnaq	11
祲	jnpc	7
妗	jnvn	7
馑	jnqg	7
浕	jniu	5
赆	jnmu	4
荩	jnau	4
殣	jngg	3
珒	jngg	3
廑	jnog	2
琎	jngp	2
墐	jnfg	2
卺	jnbb	0
𬬱	jnqr	0
经	jyxa	9784
竟	jyuq	4257
精	jyoe	2959
镜	jyqq	1759
净	jyuh	1708
静	jygh	1615
竞	jyuq	421
景	jyji	1142
井	jyfj	865
敬	jyat	1048
京	jyyi	783
鲸	jyqi	829
惊	jyni	792
颈	jycm	634
警	jyay	497
境	jyfq	579
茎	jyaa	445
荆	jyaj	424
径	jyta	236
靖	jyue	134
菁	jyae	109
晶	jyjj	135
睛	jyhe	127
璟	jygi	78
胫	jyea	68
粳	jyor	60
阱	jybj	22
劲	jyce	64
旌	jyyg	63
肼	jyej	60
泾	jyia	49
丼	jyfi	47
婧	jyve	36
竫	jyuh	21
迳	jycp	20
儆	jywt	17
腈	jyee	8
憬	jyni	11
痉	jyua	10
倞	jywi	9
刭	jycj	6
靓	jygq	5
獍	jyqq	4
兢	jydq	2
鼱	jyee	2
汫	jyij	2
璥	jygt	1
麖	jyoi	0
猄	jyqi	0
䴖	jygg	0
囧	jslv	1943
冏	jsmk	68
炯	jsok	63
迥	jsmp	35
窘	jspk	37
扃	jsyk	32
颎	jsxm	29
炅	jsjo	22
坰	jsfk	15
泂	jsik	6
䌹	jsxk	0
𬳶	jsck	0
就	jqyy	617569
酒	jqig	13642
旧	jqhj	7013
救	jqgt	4561
九	jqvn	4102
久	jqqy	2736
揪	jqro	627
灸	jqqo	302
鸠	jqvg	304
啾	jqko	270
玖	jqgy	169
韭	jqhg	211
纠	jqxh	170
舅	jqee	85
究	jqpv	100
咎	jqtk	94
臼	jqeg	75
鹫	jqyg	55
厩	jqdq	36
僦	jqwy	12
柩	jqsy	12
疚	jquy	10
氿	jqiv	8
鬏	jqdo	5
阄	jqun	5
赳	jqfh	1
桕	jqse	0
㠇	jqmy	0
据	jvrd	10948
剧	jvnj	4111
局	jvnk	4577
句	jvqk	4655
举	jvig	3528
距	jvkn	2432
聚	jvbi	792
巨	jvan	1837
居	jvnd	1491
具	jvhw	1328
拒	jvrn	1146
狙	jvqg	991
俱	jvww	640
菊	jvao	527
锯	jvqd	357
焗	jvok	303
橘	jvsk	251
车	jvlh	290
惧	jvnw	267
車	jvlh	178
矩	jvtn	146
钜	jvqn	151
鞠	jvao	136
遽	jvhp	107
拘	jvrk	95
沮	jvig	85
驹	jvck	54
莒	jvak	63
掬	jvro	58
踞	jvkd	54
桔	jvsk	52
锔	jvqk	45
苴	jvag	40
炬	jvon	43
讵	jvyn	31
咀	jvkg	27
琚	jvgd	26
裾	jvpd	21
椐	jvsd	21
鞫	jvay	19
秬	jvtn	19
屦	jvnv	17
倨	jvwd	22
雎	jvey	14
娵	jvvc	11
苣	jvan	10
疽	jvug	9
榉	jvsg	9
筥	jvtk	7
蒟	jvak	6
窭	jvpv	4
醵	jvse	4
飓	jvww	4
龃	jvhg	3
崌	jvmd	3
柜	jvsn	2
泃	jvik	3
砠	jvdg	2
踽	jvky	2
犋	jvcw	2
岨	jvmg	2
枸	jvsk	2
趄	jvfg	1
澽	jvie	1
岠	jvmn	0
腒	jved	0
弆	jvfa	0
䴗	jvhg	0
𬶋	jvqk	0
卷	jrub	11054
捐	jrre	1153
圈	jrlb	254
绢	jrxe	363
涓	jrie	297
娟	jrve	245
倦	jrwb	120
隽	jrwb	52
狷	jrqe	51
镌	jrqb	33
蠲	jruj	27
鹃	jrkg	18
鄄	jrsb	14
眷	jruh	12
焆	jroe	5
锩	jrqb	0
桊	jrus	0
绝	jtxc	2122
觉	jtiq	1479
嚼	jtkf	496
决	jtuw	359
撅	jtrw	352
倔	jtwm	231
爵	jtef	248
掘	jtrm	218
角	jtqe	137
厥	jtdw	160
诀	jtyw	129
珏	jtgy	102
玦	jtgw	73
蕨	jtaw	59
蹶	jtkw	51
噘	jtkw	37
崛	jtmm	41
攫	jtrc	29
谲	jtyk	19
橛	jtsw	18
抉	jtrw	13
傕	jtwy	13
玃	jtqc	12
爝	jtof	10
孓	jtby	9
桷	jtse	8
觖	jtqw	6
矍	jthc	5
獗	jtqw	1
镢	jtqw	0
劂	jtdj	0
砄	jtdw	0
㵐	jtiw	0
𫔎	jtqk	0
𫘝	jtcw	0
均	jpfu	13503
君	jpvk	7582
军	jppl	4825
郡	jpvb	1671
菌	jpat	1449
俊	jpwt	458
钧	jpqu	95
峻	jpmt	62
骏	jpct	52
浚	jpit	60
珺	jpgk	17
畯	jplt	14
竣	jput	9
麇	jpot	10
焌	jpot	4
皲	jppb	3
晙	jpjt	3
莙	jpak	3
筠	jptu	2
捃	jprk	2
龟	jpqn	2
隽	jpwb	2
葰	jpat	1
鲪	jpqk	0
䐃	jpet	0
卡	kahh	17339
咯	kakk	1575
咖	kakk	1127
咔	kakh	452
喀	kakk	99
胩	kaeh	3
开	klga	29892
凯	klmw	1255
铠	klqn	317
恺	klnn	106
揩	klrr	146
楷	klsr	104
锎	klqa	59
慨	klnq	33
闿	klun	9
锴	klqr	9
忾	klnr	2
垲	klfn	1
炌	kloj	1
剀	klmj	0
蒈	klar	0
看	kjrh	171172
砍	kjdw	3953
坎	kjfw	1009
刊	kjfj	679
堪	kjfn	242
槛	kjsl	194
侃	kjwk	155
勘	kjde	114
龛	kjwy	38
阚	kjut	24
戡	kjda	13
瞰	kjht	12
莰	kjaw	10
衎	kjts	10
磡	kjde	0
崁	kjmw	3
嵁	kjmn	3
墈	kjfe	1
抗	khrw	3003
扛	khra	2060
康	khoi	1249
炕	khow	211
糠	khoi	126
钪	khqw	67
慷	khni	43
亢	khyw	44
伉	khww	3
闶	khuw	1
𡐓	khfi	0
𩾌	khqi	0
靠	kktd	40639
考	kkfn	31852
烤	kkon	4978
拷	kkrn	323
尻	kknv	105
铐	kkqn	58
犒	kkck	18
栲	kksn	4
洘	kkin	1
㸆	kkod	0
可	kesk	101389
课	keys	29768
克	kedq	13425
科	ketf	4348
客	kepk	1612
氪	kerq	3314
颗	kejm	3135
壳	kefw	2094
磕	kedl	1864
刻	keyj	1076
咳	kekw	949
柯	kesk	436
嗑	kekl	894
珂	kegk	390
棵	kess	327
渴	kein	296
恪	kenk	74
颏	keym	72
苛	keak	41
窠	keps	30
轲	kelk	21
髁	kems	3
疴	keuk	4
瞌	kehl	5
坷	kefk	5
蝌	kejf	3
缂	kexf	3
锞	keqs	3
骒	kecs	3
炣	keok	3
岢	kemk	2
溘	keil	2
稞	kets	1
匼	keak	1
牁	keuk	0
剋	kzdj	36
啃	kfke	3278
肯	kfhe	2070
垦	kfvf	17
恳	kfvn	14
裉	kfpv	4
坑	kgfw	12698
吭	kgkw	60
铿	kgqf	28
硁	kgda	2
空	kspa	4409
孔	ksbn	2849
控	ksra	2115
恐	ksan	637
崆	ksma	4
硿	ksda	2
箜	ksta	1
倥	kswa	0
埪	ksfa	0
口	kbkk	7418
扣	kbrk	5411
抠	kbrr	2309
寇	kbpc	604
叩	kbkb	171
蔻	kbac	118
芤	kban	1
筘	kbtk	1
眍	kbhr	0
𫸩	kbxr	0
库	kuol	7502
哭	kukd	7356
苦	kuad	4686
酷	kusk	1828
裤	kupl	358
枯	kusd	435
窟	kupm	296
喾	kuik	64
刳	kudj	21
骷	kumd	17
绔	kuxn	8
矻	kudn	6
圐	kuly	3
跨	kwkn	3715
夸	kwdn	4108
垮	kwfn	895
胯	kwen	598
挎	kwrn	93
侉	kwwn	36
姱	kwvn	3
快	kynw	29689
块	kyfw	22906
会	kywc	334
筷	kytw	140
哙	kykc	59
脍	kyec	81
郐	kywb	31
侩	kywc	30
蒯	kyaj	29
鲙	kyqc	22
浍	kyic	16
狯	kyqc	3
㧟	kyra	0
款	krfw	18748
宽	krpq	4975
髋	krmq	824
狂	kdqg	2418
框	kdsg	1685
矿	kddo	1100
筐	kdtg	360
况	kduq	272
哐	kdkg	101
匡	kdag	90
旷	kdjo	87
诓	kdyg	85
邝	kdob	42
诳	kdyg	47
眶	kdhg	40
圹	kdfo	20
贶	kdmq	12
纩	kdxo	5
夼	kddk	1
洭	kdig	1
𫛭	kdqg	0
亏	kvfn	4743
奎	kvdf	128
窥	kvpq	422
蝰	kvjf	451
盔	kvdl	204
葵	kvad	195
夔	kvut	188
魁	kvrf	197
匮	kvam	109
愧	kvnc	104
溃	kvim	95
揆	kvrd	48
馈	kvqm	30
逵	kvfp	28
愦	kvnm	24
傀	kvwc	16
睽	kvhd	10
櫆	kvsf	7
馗	kvvh	7
骙	kvcd	6
聩	kvbm	6
跬	kvkf	5
煃	kvof	5
悝	kvnf	4
戣	kvwa	4
喟	kvke	4
喹	kvkf	3
蒉	kvam	3
篑	kvtm	3
岿	kvmv	2
暌	kvjd	2
𫠆	kvfm	0
困	kpls	791
坤	kpfh	599
捆	kprs	356
昆	kpjx	271
鲲	kpqx	140
堃	kpyf	21
琨	kpgx	34
髡	kpdq	43
鹍	kpjg	40
焜	kpox	37
阃	kpus	23
醌	kpsx	11
悃	kpns	10
锟	kpqx	7
壸	kpfo	4
裈	kppl	3
婫	kpvx	0
扩	koro	406
阔	koud	326
括	kord	116
廓	koob	32
蛞	kojd	1
啦	laku	57684
拉	laru	15903
辣	lauk	2490
剌	lasj	342
蜡	lajj	506
腊	laej	92
喇	lakj	101
菈	laaf	98
垃	lafu	56
落	laak	18
邋	lavp	11
镴	laqn	9
旯	lajv	6
蝲	lajj	3
揦	larj	1
瘌	lauj	0
砬	ladu	0
鞡	laau	0
𬶟	laqj	0
来	llgs	306900
莱	llas	1122
赖	llsm	895
铼	llqs	88
濑	llim	58
赉	llgm	35
徕	llts	23
癞	llum	17
涞	llis	11
睐	llhs	13
崃	llms	5
籁	lltm	4
俫	llws	1
梾	llss	1
烂	ljod	5512
蓝	ljal	4545
懒	ljnm	3128
兰	ljud	2269
栏	ljsd	1223
拦	ljrd	550
揽	ljrq	692
篮	ljtl	311
岚	ljmr	235
滥	ljil	232
览	ljjq	178
澜	ljil	75
榄	ljsq	108
阑	ljul	89
镧	ljql	74
缆	ljxq	20
婪	ljsv	10
褴	ljpl	9
斓	ljyl	6
谰	ljyl	3
罱	ljlf	1
襕	ljpl	1
漤	ljiv	1
𬒗	ljdq	0
狼	lhqv	3918
浪	lhiv	1774
郎	lhyb	735
朗	lhye	500
廊	lhob	271
啷	lhkb	95
琅	lhgv	68
烺	lhov	21
螂	lhjb	26
崀	lhmv	12
阆	lhuv	12
锒	lhqv	5
榔	lhsb	5
桹	lhsv	4
埌	lhfv	3
塱	lhyf	3
莨	lhav	2
蒗	lhav	1
稂	lhtv	1
筤	lhtv	1
㫰	lhjv	0
㮾	lhys	0
蓢	lhae	0
老	lkfx	30761
捞	lkre	1626
佬	lkwx	688
唠	lkke	719
劳	lkae	482
牢	lkpg	528
烙	lkok	364
铑	lkqx	178
姥	lkvx	78
涝	lkie	84
醪	lkse	55
酪	lksk	30
落	lkak	18
痨	lkue	12
铹	lkqe	10
嫪	lkve	9
崂	lkme	7
栳	lksx	2
荖	lkax	2
络	lkxk	1
耢	lkfe	0
𫭼	lkfe	0
了	lebh	1758342
乐	leti	2975
勒	leae	687
叻	leke	161
仂	lewe	23
鳓	leqe	9
簕	lete	0
饹	leqk	5
泐	leie	4
嘞	leke	2
类	lzod	51855
累	lzli	4589
雷	lzfl	3076
泪	lzih	1777
嘞	lzke	1010
垒	lzcf	586
勒	lzae	687
蕾	lzal	411
镭	lzql	302
肋	lzee	272
磊	lzdd	113
擂	lzrl	58
罍	lzlb	38
诔	lzys	32
羸	lzyy	39
酹	lzsf	18
耒	lzfs	13
嫘	lzvi	2
缧	lzxi	2
儡	lzwl	1
藟	lzal	0
檑	lzsl	0
礌	lzdl	0
癗	lzul	0
冷	lguc	3825
楞	lgsy	691
愣	lgny	453
棱	lgst	266
崚	lgmt	9
塄	lgfy	2
堎	lgft	1
里	lijf	270298
离	liyc	15773
力	liet	12150
李	lisb	7086
例	liwj	5300
利	litj	2674
理	ligf	2549
立	liuu	3160
礼	lipn	1715
粒	liou	1453
梨	lits	1264
历	lide	1073
锂	liqf	819
丽	ligy	741
哩	likf	547
黎	liti	403
栗	liss	387
莉	liaj	233
吏	ligr	254
戾	liyd	124
藜	liai	36
鲤	liqf	148
厘	lidf	150
笠	litu	112
犁	litg	143
璃	ligc	137
狸	liqf	110
厉	lidq	131
隶	livi	121
栎	lisi	77
骊	licy	62
荔	liae	60
沥	liie	49
俪	liwy	46
励	lide	48
砾	lidi	29
醴	lisu	42
砺	lidq	39
澧	liiu	36
詈	lily	34
鬲	ligh	33
痢	liuj	28
罹	lily	34
疠	liuq	19
莅	liau	24
俚	liwf	21
郦	ligb	14
喱	likf	13
篱	litc	10
鳢	liqu	11
漓	liic	13
浬	liif	9
轹	lili	9
俐	liwj	8
蓠	liac	8
蛎	lijq	7
蠡	lixj	8
唳	likd	6
呖	like	5
溧	liis	5
蜊	lijj	4
鲡	liqy	4
醨	lisc	4
嫠	lifv	4
凓	lius	4
枥	lise	3
逦	ligp	3
娌	livf	3
粝	lioq	3
鹂	ligg	2
苈	liae	1
黧	lito	1
缡	lixc	1
傈	liws	1
坜	life	1
疬	liue	1
跞	liki	1
朸	lise	1
珕	lige	1
浰	liij	1
雳	life	3
猁	liqj	0
篥	lits	0
㰀	lisi	0
𫵷	lime	0
𬍛	ligi	0
俩	lwww	5090
连	lmlp	56359
练	lmxw	15995
脸	lmeg	15238
链	lmqp	1785
联	lmbd	704
恋	lmyn	633
莲	lmap	682
帘	lmph	202
炼	lmow	322
镰	lmqw	128
敛	lmwt	196
怜	lmnc	183
廉	lmow	111
涟	lmip	76
濂	lmiw	66
殓	lmgg	48
蠊	lmjw	35
琏	lmgp	27
楝	lmsl	23
鲢	lmqp	22
奁	lmdr	17
蔹	lmat	12
裢	lmpp	2
潋	lmit	2
梿	lmsp	1
浰	lmij	1
裣	lmpg	0
瑓	lmgl	0
𬶠	lmql	0
量	ldjf	20423
两	ldgw	8329
亮	ldyw	2728
梁	ldis	1844
辆	ldlw	1978
凉	ldui	1618
粮	ldov	935
良	ldyv	699
晾	ldji	451
靓	ldgq	154
俩	ldww	52
谅	ldyi	42
粱	ldio	40
椋	ldsi	29
俍	ldwv	8
魉	ldrw	5
墚	ldfs	3
莨	ldav	2
踉	ldkv	1
辌	ldli	1
悢	ldnv	1
𫟅	ldxi	0
𬜯	ldaw	0
聊	lcbb	8535
撩	lcri	1458
料	lcof	2105
辽	lcbp	1458
廖	lcoe	283
撂	lcrk	198
寮	lcpi	200
疗	lcub	153
蓼	lcae	115
瞭	lchi	92
钌	lcqb	75
燎	lcoi	74
了	lcbh	51
獠	lcqi	44
潦	lcii	41
僚	lcwi	25
憭	lcni	23
髎	lcme	4
寥	lcpe	15
嘹	lcki	10
橑	lcsi	9
嫽	lcvi	7
缭	lcxi	6
镣	lcqi	6
尥	lcdy	6
蹽	lcki	6
漻	lcie	4
鹩	lcdg	0
簝	lcti	0
𪤗	lcfe	0
列	lxgj	5233
咧	lxkj	821
猎	lxqj	368
烈	lxgo	332
裂	lxge	360
劣	lxie	195
鬣	lxdn	21
洌	lxij	19
冽	lxuj	16
埒	lxff	10
躐	lxkn	8
捩	lxrd	8
趔	lxfj	1
峛	lxmj	1
脟	lxef	0
䴕	lxgg	0
𫚭	lxqn	0
林	lnss	4561
拎	lnrc	1087
临	lnjj	1082
磷	lndg	704
琳	lngs	745
凛	lnui	67
淋	lnis	395
霖	lnfs	242
鳞	lnqg	229
邻	lnwb	182
麟	lnog	162
璘	lngg	64
廪	lnoi	37
赁	lnwm	37
蔺	lnay	23
吝	lnyk	16
檩	lnsi	13
懔	lnni	14
膦	lneg	11
潾	lnig	5
粼	lnob	8
嶙	lnmg	6
躏	lnky	5
啉	lnks	3
遴	lnop	3
辚	lnlg	1
箖	lnts	1
瞵	lnhg	1
翷	lnon	0
𬭸	lnqg	0
𬴊	lncg	0
另	lyke	7338
令	lywc	8449
零	lyfc	4451
领	lywm	3779
铃	lyqc	2019
灵	lyvo	994
玲	lygc	544
岭	lymc	462
陵	lybt	480
凌	lyut	338
龄	lyhc	177
绫	lyxt	141
翎	lywn	57
聆	lybc	67
泠	lyic	46
澪	lyic	26
伶	lywc	41
蛉	lyjc	36
菱	lyat	35
苓	lyac	28
姈	lyvc	24
羚	lyuc	19
呤	lykc	18
瓴	lywy	9
棂	lyso	10
祾	lypt	7
鲮	lyqt	7
舲	lytc	3
棱	lyst	2
酃	lyfb	2
坽	lyfc	2
囹	lylc	1
柃	lysc	1
〇	lyll	0
鸰	lywg	0
昤	lyjc	0
㥄	lynt	0
六	lquy	8824
留	lqql	6162
流	lqik	5928
刘	lqyj	4794
溜	lqil	2000
柳	lqsb	1156
硫	lqdk	539
遛	lqqp	427
瘤	lqul	256
镠	lqqe	104
琉	lqgk	73
熘	lqol	53
浏	lqij	31
绺	lqxk	31
榴	lqsl	27
旒	lqyk	26
陆	lqbb	14
鎏	lqiq	14
骝	lqcl	10
馏	lqql	8
镏	lqql	4
锍	lqqk	4
珋	lqgb	4
疁	lqle	4
罶	lqll	3
鹨	lqng	2
瑬	lqiy	2
飗	lqwl	1
碌	lqdi	2
鹠	lqqg	0
咯	lokk	1575
龙	lsdy	5641
隆	lsbg	470
泷	lsiy	314
拢	lsry	340
笼	lsty	253
陇	lsby	117
聋	lsdb	116
珑	lsgy	122
胧	lsey	80
垄	lsdf	69
茏	lsay	13
栊	lssy	8
砻	lsdd	7
咙	lsky	6
哢	lska	4
癃	lsug	3
窿	lspg	2
昽	lsjy	2
弄	lsga	3
漋	lsig	1
眬	lshy	0
𬕂	lstm	0
楼	lbsv	5985
喽	lbkv	1800
漏	lbif	1214
搂	lbrv	426
娄	lbov	114
瘘	lbuv	96
露	lbfk	57
篓	lbtv	40
镂	lbqv	37
陋	lbbn	29
蒌	lbav	18
耧	lbfv	12
蝼	lbjv	6
偻	lbwv	4
溇	lbiv	2
髅	lbmv	0
嵝	lbmv	0
䁖	lbhv	0
剅	lbgj	0
𦝼	lbev	0
𪣻	lbfv	0
路	lukk	16099
录	luvi	2843
撸	lurj	3114
陆	lubb	1449
鲁	luqj	1310
鹿	luox	1405
卢	luhn	943
露	lufk	937
卤	luhr	860
炉	luon	487
虏	luhe	495
噜	lukj	212
麓	lusx	125
掳	lure	135
禄	lupi	137
戮	luna	116
庐	luon	109
垆	lufn	69
橹	lusj	71
璐	lugk	66
芦	luan	69
潞	luik	58
颅	luhm	51
泸	luin	37
鹭	lukg	47
胪	luen	46
渌	luii	44
镥	luqj	40
赂	lumk	42
鲈	luqn	31
菉	luai	22
簏	lutx	22
蕗	luak	15
碌	ludi	16
漉	luix	15
僇	luwe	14
栌	lusn	12
箓	luti	11
辂	lulk	9
舻	lutn	9
琭	lugi	5
辘	lulx	4
逯	luvp	4
鸬	luhg	2
甪	lute	2
绿	luxi	2
轳	luln	1
勠	lune	1
澛	luij	1
氇	luej	0
稑	lutf	0
𫘧	luci	0
𬬻	luqn	0
乱	lrtn	7123
卵	lrqy	788
鸾	lryg	77
栾	lrys	53
銮	lryq	25
峦	lrym	12
娈	lryv	8
挛	lryr	7
脔	lryw	7
孪	lryb	4
滦	lris	4
论	lpyx	15391
轮	lplx	4682
抡	lprx	874
伦	lpwx	527
仑	lpwx	89
纶	lpxx	29
沦	lpix	23
囵	lplx	4
𫭢	lpfx	0
𬬭	lpqx	0
罗	lolq	12714
落	loak	1791
咯	lokk	1575
洛	loik	845
裸	lops	750
啰	lokq	379
骆	lock	282
摞	lori	204
螺	loji	192
络	loxk	85
骡	loci	90
锣	loqq	86
萝	loaq	75
雒	loty	47
珞	logk	51
逻	lolp	44
蠃	loyy	19
箩	lotq	21
烙	look	18
泺	loii	18
荦	loag	17
漯	loii	10
捋	lorf	10
倮	lows	7
椤	losq	7
瘰	loui	6
猡	loqq	5
蓏	loay	4
铬	loqk	437
脶	loew	0
率	lvyf	8358
绿	lvxi	3469
铝	lvqk	1221
吕	lvkk	1135
驴	lvcn	1067
旅	lvye	832
律	lvtg	753
捋	lvrf	908
氯	lvri	355
屡	lvnv	329
滤	lvin	179
虑	lvhn	170
履	lvnt	119
缕	lvxv	120
侣	lvwk	87
闾	lvuk	59
膂	lvye	14
梠	lvsk	4
榈	lvsk	6
褛	lvpv	2
偻	lvwv	1
稆	lvtk	0
葎	lvag	0
垏	lvfg	0
𦝼	lvev	0
略	ltlk	5589
掠	ltri	182
锊	ltqf	12
圙	ltlf	3
䂮	ltdd	0
吗	makg	191507
嘛	maks	43820
骂	makg	11680
马	macg	9043
码	madg	4566
妈	mavg	3182
麻	maos	1133
玛	magg	620
蚂	majg	257
抹	mars	136
蟆	majd	14
祃	mapg	3
犸	maqg	2
摩	maor	1
杩	masg	0
买	mlnd	69102
卖	mlfd	25413
麦	mlgt	1200
埋	mlff	1388
迈	mlgp	980
脉	mlei	491
霾	mlff	199
唛	mlkt	100
劢	mlge	1
荬	mlad	0
鿏	mlqt	0
慢	mjnc	7314
满	mjiw	7557
蛮	mjyj	7001
曼	mjjc	1439
漫	mjic	800
螨	mjjw	385
瞒	mjhw	293
蔓	mjac	63
幔	mjmc	66
鳗	mjqc	64
缦	mjxc	49
馒	mjqc	43
谩	mjyc	43
鬘	mjdc	42
墁	mjfc	27
嫚	mjvc	17
镘	mjqc	3
颟	mjam	1
鞔	mjaq	2
埋	mjff	2
𬜬	mjak	0
忙	mhnn	3951
盲	mhyh	663
莽	mhaa	420
芒	mhan	241
氓	mhya	184
蟒	mhja	123
茫	mhan	34
邙	mhyb	22
漭	mhia	16
尨	mhdy	11
牻	mhcy	5
牤	mhcn	3
厖	mhdy	1
杧	mhsn	0
硭	mhdn	0
猫	mkql	11344
毛	mken	5591
冒	mkjh	1410
帽	mkmh	820
锚	mkql	532
贸	mkqm	41
矛	mkct	382
卯	mkqb	302
茅	mkat	274
貌	mkeq	236
昴	mkjb	100
茂	mkad	209
冇	mkdb	115
旄	mkye	57
峁	mkmb	38
髦	mkde	53
铆	mkqb	29
耄	mkfe	29
楙	mkss	25
懋	mksn	23
芼	mkae	17
瑁	mkgh	16
牦	mkce	16
茆	mkab	15
袤	mkye	14
瞀	mkch	9
泖	mkib	7
眊	mkhe	3
鄚	mkab	3
蝥	mkcj	2
蟊	mkcj	2
么	metc	48917
没	mzic	60230
每	mztx	18006
美	mzud	13710
枚	mzst	2575
梅	mzsx	1462
酶	mzsx	1686
妹	mzvf	1193
煤	mzos	947
霉	mzfx	935
镁	mzqd	839
眉	mznh	693
魅	mzrf	242
玫	mzgt	152
媚	mzvh	193
昧	mzjf	105
媒	mzvs	143
莓	mzax	113
镅	mzqh	71
郿	mznb	65
寐	mzpf	43
湄	mzih	21
浼	mziq	17
袂	mzpw	15
楣	mzsh	14
鹛	mzng	8
渼	mzid	4
瑂	mzgh	2
糜	mzoo	2
媄	mzvd	1
嵋	mzmh	0
们	mfwu	60453
门	mfun	14158
焖	mfon	931
闷	mfun	799
扪	mfru	32
钔	mfqu	12
呇	mfik	2
懑	mfin	0
𫞩	mfgw	0
梦	mgsq	8377
猛	mgql	2762
萌	mgae	1694
蒙	mgae	1601
懵	mgnh	910
孟	mgbl	774
锰	mgql	587
盟	mgjl	190
濛	mgie	152
獴	mgqe	58
勐	mgbe	40
虻	mgjn	24
檬	mgse	21
蠓	mgje	16
甍	mgay	13
艋	mgtl	11
朦	mgee	10
瞢	mgah	8
幪	mgme	1
艨	mgte	1
蜢	mgjl	0
礞	mgde	0
㠓	mgme	0
鹲	mgag	0
𫑡	mgkb	0
米	mioy	31043
迷	miop	2975
密	mipm	802
谜	miyp	429
蜜	mipj	481
咪	miko	490
弥	mixi	320
觅	mieq	282
幂	miph	163
蘼	miad	187
芈	mihg	149
秘	mitt	152
靡	miod	101
眯	miho	82
糜	mioo	91
醚	misp	76
祕	mipt	36
祢	mipi	13
弭	mixb	31
麋	mioo	29
泌	miit	24
汨	miij	16
宓	mipt	14
谧	miyl	12
脒	mieo	11
蓂	miau	10
醾	miso	9
縻	mioi	4
猕	miqi	3
敉	miot	3
洣	miio	2
嘧	mikm	0
面	mmdf	13619
免	mmqq	1776
棉	mmsh	938
眠	mmha	372
缅	mmxf	198
绵	mmxh	130
勉	mmqe	95
冕	mmjq	56
沔	mmin	50
眄	mmhn	30
丏	mmgn	8
勔	mmde	10
愐	mmnf	5
娩	mmvq	2
湎	mmif	2
腼	mmef	1
偭	mmwf	1
渑	mmin	1
𩾃	mmqq	0
秒	mctt	27696
喵	mckl	2311
庙	mcom	917
妙	mcvt	885
瞄	mchl	692
苗	mcal	673
描	mcrl	299
淼	mcii	85
渺	mcit	48
眇	mcht	42
缈	mcxt	25
杪	mcst	24
邈	mcep	21
藐	mcaq	18
缪	mcxe	3
鹋	mcag	1
灭	mxgo	2453
咩	mxku	859
乜	mxnn	71
蔑	mxaw	27
篾	mxtw	6
民	mnna	1424
敏	mntt	515
皿	mnlg	466
抿	mnra	364
闽	mnuj	250
泯	mnia	66
闵	mnuy	119
缗	mnxj	116
旻	mnjy	107
愍	mnnn	69
湣	mnij	16
珉	mnga	38
悯	mnny	41
岷	mnma	31
鳘	mntg	17
黾	mnkn	7
忞	mnyn	3
苠	mnaa	1
名	myqk	23493
命	mywb	5143
明	myje	3079
鸣	mykg	710
茗	myak	549
冥	mypu	347
铭	myqk	246
暝	myju	110
洺	myik	46
溟	myiu	39
瞑	myhu	21
酩	mysk	5
螟	myju	4
谬	mqye	162
缪	mqxe	26
莫	moad	2851
磨	mood	2255
魔	mooc	2547
摸	mord	2945
膜	moed	2321
末	mogs	1601
抹	mors	1218
麽	mooc	1026
墨	molf	921
没	moic	790
摩	moor	626
默	mold	455
模	mosd	444
馍	moqd	340
沫	mois	246
摹	moar	169
殁	mogc	173
陌	mobj	147
茉	moas	79
谟	moyd	88
貘	moed	42
漠	moid	22
貊	moej	35
镆	moqd	31
蘑	moad	17
秣	mots	11
蓦	moag	9
寞	mopd	9
万	mogq	8
瘼	moud	7
嬷	movc	2
耱	mofd	1
无	mofq	1
脉	moei	1
嫫	movd	1
靺	moas	0
藦	moar	0
𬙊	moxf	0
某	mbfs	35516
谋	mbys	617
牟	mbcg	256
缪	mbxe	251
眸	mbhg	70
哞	mbkg	30
侔	mbwg	10
鍪	mbcq	3
蛑	mbjg	0
木	muss	3470
目	muhh	1267
墓	muaf	1482
姆	muvx	1118
母	muxy	1006
穆	mute	837
沐	muis	994
亩	muyl	923
牧	muct	605
暮	muaj	686
模	musd	444
慕	muan	387
幕	muah	369
钼	muqh	281
募	muae	106
拇	murx	43
睦	muhf	45
牡	mucf	33
呒	mukq	25
苜	muah	5
牟	mucg	2
仫	muwc	1
毪	mueg	0
𧿹	mukx	0
𬭁	muqx	0
那	nanb	188654
拿	nawr	48137
哪	nakb	5559
呐	nakw	3323
娜	navb	1224
纳	naxw	1433
钠	naqw	1164
捺	nari	197
镎	naqr	29
衲	napw	9
乸	nabx	4
南	naff	1
肭	naew	0
𦰡	naab	0
乃	nlbt	4159
奶	nlvb	2509
耐	nldf	957
奈	nldi	478
氖	nlrb	176
萘	nlai	45
柰	nlsi	35
迺	nlsp	25
艿	nlab	7
鼐	nlbn	4
耏	nlde	2
佴	nlwb	0
难	njcy	13047
男	njle	9533
南	njff	3336
楠	njsf	166
喃	njkf	82
腩	njef	64
囡	njlv	22
赧	njfc	4
蝻	njjf	3
婻	njvf	1
萳	njaf	0
囊	nhge	280
馕	nhqe	248
曩	nhje	34
攮	nhre	32
齉	nhte	3
囔	nhke	1
脑	nkeb	2545
闹	nkuh	2505
挠	nkrq	738
恼	nknb	137
淖	nkij	72
瑙	nkgr	88
孬	nkdb	84
铙	nkqq	31
垴	nkfb	5
呶	nkkc	22
猱	nkqs	18
臑	nkej	6
蛲	nkjq	0
硇	nkdr	0
峱	nkqm	0
呢	nekx	262461
讷	neyw	29
哪	nekb	1
内	nzmw	46062
馁	nzqv	15
嫩	nfvt	1238
恁	nfwn	162
能	ngcx	231337
你	niwi	492791
尼	ninx	1418
逆	niup	1403
泥	niix	1274
拟	nirw	1346
匿	niak	244
腻	niey	946
妮	nivx	469
倪	niwq	200
呢	nikx	148
溺	niiu	111
铌	niqx	102
昵	nijx	38
霓	nifq	54
睨	nihq	47
伲	niwx	38
鲵	niqq	12
猊	niqq	11
旎	niyx	9
麑	nioq	8
坭	nifx	2
怩	ninx	1
薿	niah	0
𨺙	nibq	0
𫐐	nilq	0
𫠜	nihq	0
年	nmtg	561011
念	nmwn	4190
黏	nmtk	424
碾	nmde	356
撵	nmrl	338
捻	nmrn	263
辇	nmgl	136
蔫	nmao	109
鲶	nmqn	88
拈	nmrk	65
廿	nmag	56
鲇	nmqk	29
埝	nmfn	8
粘	nmok	6
娘	ndvv	1700
酿	ndsv	505
嬢	ndve	52
鸟	ncqg	4810
尿	ncni	1689
茑	ncag	61
脲	ncei	31
袅	ncqe	16
捏	nxrf	3229
镍	nxqs	1661
涅	nxif	427
聂	nxbc	331
孽	nxab	200
镊	nxqc	140
颞	nxbm	38
蹑	nxkc	24
臬	nxts	18
啮	nxkb	18
蘖	nxas	5
嗫	nxkc	5
乜	nxnn	4
嵲	nxms	2
菍	nxan	1
糵	nxao	0
陧	nxbf	0
𫔶	nxus	0
您	nnwn	28473
拧	nyrs	1412
宁	nyps	1192
凝	nyuh	301
甯	nype	45
狞	nyqs	7
柠	nyss	26
苧	nyas	17
佞	nywv	12
泞	nyis	8
咛	nyks	4
聍	nybs	3
牛	nqtg	9091
扭	nqrg	696
妞	nqvg	456
纽	nqxg	208
钮	nqqg	216
拗	nqre	56
狃	nqqg	16
杻	nqsg	4
忸	nqng	2
弄	nsga	5326
浓	nsie	1458
农	nspe	770
侬	nswe	328
脓	nsee	187
秾	nste	41
哝	nske	18
𬪩	nsse	0
耨	nbff	28
怒	nuvn	1487
努	nuve	291
弩	nuvx	757
奴	nuvc	271
驽	nuvg	59
傉	nuwf	16
孥	nuvb	13
砮	nuvd	5
胬	nuvw	1
笯	nutc	1
暖	nrjc	2084
诺	noyk	1512
挪	norb	843
糯	nooj	454
喏	nokk	443
傩	nowy	128
懦	nonj	25
搦	noru	23
锘	noqk	11
娜	novb	5
𦰡	noab	0
女	nvvv	9990
钕	nvqv	83
衄	nvtg	9
恧	nvdn	3
虐	nthg	1820
疟	ntug	33
哦	ooky	52861
噢	ookd	4092
喔	ookf	10
欧	obaw	3445
藕	obay	691
偶	obwy	502
呕	obkr	445
区	obar	78
鸥	obag	84
沤	obir	79
殴	obac	57
耦	obfy	56
讴	obyr	19
瓯	obay	16
怄	obnr	15
𠙶	obbb	0
𬉼	obor	0
怕	panr	13609
爬	parc	3816
趴	pakw	1227
啪	pakr	1231
帕	pamr	768
扒	parw	413
耙	pafc	65
葩	paac	42
琶	pagc	15
杷	pasc	4
舥	patc	4
潖	paic	1
筢	patc	0
拍	plrr	22553
派	plie	12691
牌	pltf	6776
排	plrd	4771
湃	plif	36
俳	plwd	17
徘	pltd	5
哌	plke	4
迫	plrp	1
蒎	plae	0
簰	pltf	0
盘	pjtl	6783
判	pjuj	1664
潘	pjil	989
畔	pjlg	280
攀	pjsr	243
盼	pjhv	314
叛	pjuc	156
爿	pjut	95
磐	pjtd	53
袢	pjpg	29
槃	pjts	31
蟠	pjjl	18
泮	pjig	25
襻	pjpr	8
胖	pjeg	3
番	pjtl	2
磻	pjdl	2
蹒	pjkw	1
旁	phyy	2767
胖	pheg	3302
庞	phoy	415
彷	phty	62
磅	phdy	51
滂	phiy	42
乓	phry	36
逄	phtp	12
螃	phjy	7
耪	phfy	5
雱	phfy	3
鳑	phqy	1
膀	phey	1
跑	pkkn	22328
泡	pkin	3207
炮	pkon	2530
抛	pkre	1708
刨	pkqj	1052
袍	pkpn	181
匏	pkdn	38
庖	pkon	20
咆	pkkn	16
狍	pkqn	12
疱	pkun	9
脬	pkeb	1
配	pzsn	6905
赔	pzmk	4966
陪	pzbk	2829
佩	pzwh	371
呸	pzkg	1121
胚	pzeg	372
裴	pzhe	353
培	pzfk	192
醅	pzsk	118
珮	pzgh	100
沛	pzih	85
辔	pzxk	29
旆	pzyh	26
锫	pzqk	21
帔	pzmb	7
霈	pzfh	4
衃	pzth	0
喷	pfkm	10376
盆	pfwl	1374
湓	pfil	18
捧	pgrg	2952
碰	pgdo	2024
彭	pgfe	763
砰	pgdf	635
棚	pgse	398
硼	pgde	334
朋	pgee	350
鹏	pgeg	342
烹	pgyo	308
嘭	pgke	236
蓬	pgap	200
膨	pgee	126
篷	pgtp	36
澎	pgie	14
芃	pgay	8
抨	pgrf	6
椪	pgso	5
怦	pgnf	2
弸	pgxe	3
堋	pgfe	3
淜	pgie	3
蟛	pgje	2
搒	pgry	2
皮	piby	6329
屁	pinx	1603
批	pirx	1490
劈	pinv	1072
匹	piaq	903
啤	pikf	999
脾	pief	896
癖	piuu	301
披	pirb	446
辟	pinu	279
铍	piqb	260
丕	pidg	197
疲	piub	167
毗	pilx	75
痞	piuk	54
坯	pifg	47
嚭	pifk	49
僻	piwu	42
罴	pilo	42
譬	piny	37
噼	piku	30
琵	pigx	19
貔	piex	24
蜱	pijf	13
圮	pifn	21
陂	pibb	18
邳	pidb	16
郫	pirb	13
伾	piwg	13
裨	pipf	11
霹	pifu	10
媲	pivx	10
鼙	piff	8
陴	pibf	7
甓	piny	6
睥	pihf	5
埤	piff	4
淠	piij	4
椑	pisf	2
狉	piqg	3
澼	piiu	2
枇	pisx	2
砒	pidx	2
蚍	pijx	2
纰	pixx	2
仳	piwx	1
否	pidk	1
鲏	piqb	0
䴙	ping	0
苉	piaq	0
𬳵	picg	0
篇	pmta	19053
偏	pmwa	13771
片	pmtn	8458
骗	pmca	4615
骈	pmca	108
便	pmwr	48
谝	pmya	13
翩	pmyn	9
楩	pmsr	3
扁	pmya	2
胼	pmea	1
蹁	pmka	0
犏	pmca	0
㛹	pmvr	0
𡎚	pmfa	0
票	pcsi	6069
飘	pcsr	1779
漂	pcii	632
嫖	pcvi	513
瞟	pchi	266
瓢	pcsy	230
剽	pcsj	41
缥	pcxi	32
骠	pcci	8
朴	pcsh	6
殍	pcgb	3
薸	pcai	2
嘌	pcki	2
蔈	pcai	1
螵	pcji	1
撇	pxrt	682
瞥	pxih	241
氕	pxrt	53
苤	pxag	1
𬭯	pxqt	0
拼	pnra	4994
品	pnkk	3119
频	pnhm	311
贫	pnwm	248
聘	pnbn	205
嫔	pnvw	62
颦	pnhf	25
牝	pncx	22
姘	pnva	6
玭	pngx	0
𬞟	pnam	0
屏	pyna	2270
平	pygf	5845
凭	pyww	4255
瓶	pyuy	3369
评	pyyf	1735
坪	pyff	214
萍	pyaf	122
枰	pysf	72
乒	pyrt	43
苹	pyaf	22
娉	pyvn	20
鲆	pyqf	7
俜	pywn	5
冯	pyug	3
洴	pyia	2
泙	pyif	2
玶	pygf	1
涄	pyin	1
帡	pyma	0
荓	pyaa	0
蚲	pyjf	0
破	podb	7593
颇	pobm	1089
坡	pofb	887
泼	poiy	715
婆	poiv	219
迫	porp	155
珀	pogr	107
钋	poqh	98
魄	porc	100
钷	poqk	42
泊	poir	36
粕	poor	23
鄱	potb	14
皤	porl	13
叵	poak	5
酦	posy	3
陂	pobb	2
桲	posb	2
朴	posh	1
繁	poti	1
笸	potk	1
䥽	poqy	0
剖	pbuj	193
裒	pbye	14
掊	pbrk	10
抔	pbrh	6
谱	puyj	2207
铺	puqs	1881
普	puuj	1221
扑	purh	1370
噗	pukg	571
朴	push	369
葡	puas	271
蒲	puas	254
璞	pugg	194
仆	puwh	186
浦	puis	125
濮	puig	120
莆	puas	85
溥	puif	26
瀑	puii	58
圃	puls	43
蹼	pukg	46
曝	puji	25
埔	pufs	55
镤	puqg	24
堡	puwf	11
镨	puqj	22
菩	puak	11
酺	puss	6
匍	puqs	6
蒱	puas	4
潽	puij	3
脯	pues	2
墣	pufg	1
氆	puej	0
穙	putg	0
其	qidw	142250
起	qifn	24083
期	qide	11788
七	qian	6139
气	qirn	6199
器	qikk	3037
骑	qick	2923
齐	qiyj	2640
棋	qisw	1870
漆	qiii	1198
奇	qidk	1405
弃	qiya	1381
旗	qiyw	944
妻	qigv	552
绮	qixk	468
欺	qidw	363
岂	qimn	452
琪	qigw	169
砌	qidv	433
启	qiyk	403
企	qiwh	351
契	qidd	270
淇	qiiw	244
泣	qiiu	250
琦	qigk	242
栖	qiss	148
鳍	qiqj	150
乞	qitn	199
祁	qipb	153
戚	qidi	149
祇	qipa	155
麒	qiow	136
炁	qiau	137
汽	qiir	106
沏	qiiv	86
柒	qiis	109
祈	qipr	79
祺	qipw	77
讫	qiyn	84
脐	qiej	79
崎	qimk	57
岐	qimc	63
蕲	qiar	54
迄	qitp	67
杞	qisn	51
萁	qiaw	48
嘁	qiki	45
欹	qidw	39
锜	qiqk	35
凄	qiuv	36
槭	qisi	34
碛	qidm	31
畦	qilf	25
綦	qidi	25
歧	qihc	21
玘	qign	13
亓	qifj	18
耆	qifj	17
芑	qian	10
屺	qimn	15
埼	qifk	12
憩	qitn	15
跂	qikc	10
芪	qiaa	9
棨	qiys	9
葺	qiab	9
蹊	qikd	9
颀	qirm	9
骐	qicw	8
汔	qiin	7
圻	qifr	6
磜	qidi	5
萋	qiav	5
蜞	qijw	4
蛴	qijj	4
亟	qibg	4
愭	qinj	4
桤	qisn	3
俟	qiwd	3
荠	qiaj	2
婍	qivk	2
郪	qigb	1
稽	qitj	1
缉	qixb	1
洓	qiim	1
鲯	qiqw	0
碶	qidd	0
䓫	qiak	0
𨙸	qifb	0
𬨂	qila	0
掐	qwre	1489
恰	qwnk	780
卡	qwhh	243
髂	qwmk	64
洽	qwik	45
袷	qwpk	12
拤	qwrh	5
葜	qwad	0
前	qmuj	83438
钱	qmqa	62275
千	qmtf	3561
签	qmtg	3525
浅	qmia	2361
欠	qmqw	2223
铅	qmqk	1201
牵	qmdg	538
遣	qmkp	630
潜	qmij	417
迁	qmtp	494
乾	qmfn	300
谦	qmyw	263
嵌	qmmw	264
钳	qmqf	194
黔	qmln	164
茜	qmas	174
钤	qmqn	111
芡	qmaw	100
歉	qmuw	79
虔	qmhy	59
芊	qmaf	65
倩	qmwe	61
骞	qmpg	41
仟	qmwf	38
堑	qmlf	34
搴	qmpr	35
阡	qmbf	16
谴	qmyp	26
汧	qmia	24
靬	qmaf	18
荨	qmaf	13
愆	qmtn	18
佥	qmwg	13
椠	qmls	14
扦	qmrf	7
褰	qmpe	8
犍	qmcp	8
缱	qmxp	7
慊	qmnw	5
悭	qmnf	5
钎	qmqf	5
杄	qmsf	4
鹐	qmqg	4
蒨	qmae	3
岍	qmma	3
磏	qmdw	2
纤	qmxf	1
掮	qmre	1
墘	qmfn	1
肷	qmew	0
圲	qmff	0
伣	qmwq	0
𬘬	qmxe	0
强	qdxj	23682
抢	qdrb	8317
枪	qdsb	5861
墙	qdfk	4200
腔	qdea	786
呛	qdkb	560
羌	qdun	381
蔷	qdak	119
炝	qdob	97
羟	qdua	46
锵	qdqf	29
戗	qdwa	31
戕	qdua	17
锖	qdqe	11
樯	qdsk	10
玱	qdgb	8
镪	qdqj	7
蜣	qdjn	4
嫱	qdvk	2
襁	qdpj	1
跄	qdkb	0
蔃	qdaj	0
敲	qcyc	3156
桥	qcsj	2238
乔	qctj	1207
翘	qcan	975
瞧	qcho	656
巧	qcan	573
撬	qcre	329
壳	qcfw	151
鞘	qcae	171
俏	qcwe	137
樵	qcso	134
窍	qcpn	72
谯	qcyo	64
锹	qcqo	57
侨	qcwj	48
悄	qcne	24
跷	qckq	23
荞	qcaj	17
诮	qcye	12
橇	qcse	11
峤	qcmj	10
劁	qcwj	8
峭	qcme	5
缲	qcxs	5
硚	qcdj	3
鞒	qcaj	2
雀	qciy	1
憔	qcno	0
愀	qcno	0
硗	qcdq	0
且	qxeg	73914
切	qxav	4742
妾	qxuv	762
窃	qxpv	229
怯	qxnc	189
茄	qxak	70
箧	qxtd	52
挈	qxdr	39
伽	qxwk	21
锲	qxqd	20
惬	qxnd	16
郄	qxrb	8
慊	qxnw	5
趄	qxfg	2
琴	qngn	6407
秦	qndt	3935
亲	qnus	3970
勤	qnae	850
寝	qnpc	487
擒	qnrc	498
钦	qnqw	256
沁	qnin	189
侵	qnwc	154
禽	qnwc	142
衾	qnwe	88
噙	qnkc	58
芹	qnar	42
骎	qncc	32
溱	qnit	21
覃	qnsj	13
嗪	qnkt	17
芩	qnan	18
揿	qnrw	15
梣	qnsn	10
慬	qnng	7
嵚	qnmw	4
螓	qnjt	2
锓	qnqc	2
檎	qnsc	1
吣	qnkn	0
请	qyye	38990
轻	qyla	5915
清	qyie	4069
氢	qyra	1876
情	qyne	2592
青	qyge	1913
晴	qyje	561
卿	qyqb	639
倾	qywm	511
庆	qyod	227
黥	qyli	101
磬	qyfd	90
顷	qyxm	83
擎	qyar	62
箐	qyte	44
氰	qyre	40
罄	qyfb	37
蜻	qyje	14
鲭	qyqe	12
綮	qyyi	9
檠	qyas	7
亲	qyus	5
圊	qyle	5
勍	qyye	5
碃	qyde	2
庼	qyom	2
倩	qywe	1
苘	qyak	0
穷	qspe	5024
琼	qsgi	276
蛩	qsaj	48
邛	qsab	25
穹	qspx	22
茕	qsaf	10
銎	qsaq	6
筇	qstb	5
䓖	qsae	0
球	qqgy	20583
求	qqgy	8046
秋	qqto	1401
邱	qqrb	817
丘	qqrg	305
裘	qqge	253
糗	qqod	162
楸	qqso	138
囚	qqlw	95
逑	qqgp	63
湫	qqio	53
虬	qqjn	33
璆	qqge	26
酋	qqug	27
仇	qqwv	24
萩	qqao	14
遒	qqup	13
鳅	qqqo	8
泅	qqiw	7
俅	qqwy	6
鼽	qqtv	3
赇	qqmy	3
龟	qqqn	2
蚯	qqjr	1
蝤	qqjg	1
鹙	qqtg	1
訄	qqvy	1
犰	qqqv	0
巯	qqck	0
鞧	qqag	0
𨱇	qqqy	0
去	qvfc	334183
区	qvar	14937
取	qvbc	7659
曲	qvma	3819
娶	qvbv	1682
屈	qvnm	559
趣	qvfc	443
蛆	qvjg	440
龋	qvhy	254
驱	qvcr	275
瞿	qvhy	274
祛	qvpc	143
渠	qvis	227
趋	qvfv	193
躯	qvtr	49
鼩	qvek	40
觑	qvhq	38
诎	qvym	29
麹	qvgo	24
衢	qvts	17
蕖	qvas	22
蘧	qvap	20
袪	qvpc	19
胠	qvec	17
朐	qvek	15
劬	qvqe	15
阒	qvud	11
苣	qvan	10
璩	qvge	7
癯	qvuy	6
鸲	qvqg	4
戌	qvdg	5
焌	qvot	4
蠼	qvjc	3
氍	qvhe	3
黢	qvlt	2
岨	qvmg	2
坥	qvfg	1
灈	qviy	1
岖	qvmr	0
蛐	qvja	0
磲	qvds	0
竘	qvuk	0
㭕	qvsc	0
䓛	qvam	0
𪨰	qvma	0
𫭟	qvfr	0
全	qrwg	29367
圈	qrlb	9788
权	qrsc	3894
劝	qrce	3848
券	qruv	2260
拳	qrur	2024
犬	qrdy	1409
泉	qrri	747
醛	qrsg	307
蜷	qrjb	56
荃	qrag	32
颧	qram	43
诠	qryg	31
佺	qrwg	24
铨	qrqg	21
鬈	qrdb	18
痊	qrug	14
绻	qrxb	11
筌	qrtg	6
畎	qrld	5
悛	qrnt	4
辁	qrlg	3
棬	qrsb	1
瑔	qrgi	1
鳈	qrqi	0
婘	qrvb	0
𨟠	qrhb	0
却	qtfb	113483
缺	qttw	3990
确	qtde	850
卻	qtwb	595
阙	qtuw	310
雀	qtiy	180
瘸	qtuw	124
鹊	qtag	64
榷	qtsy	63
炔	qtow	31
阕	qtud	22
悫	qtfn	5
碏	qtdj	5
埆	qtfe	1
𬒈	qtid	0
群	qpvu	13045
裙	qppk	468
囷	qplt	22
麇	qpot	10
逡	qpcp	4
然	rjqo	2983
燃	rjoo	654
染	rjis	440
冉	rjmf	118
髯	rjdf	56
蚺	rjjf	14
苒	rjaf	6
䎃	rjmn	0
让	rhyh	171499
穰	rhte	147
嚷	rhke	103
瓤	rhyy	62
攘	rhre	51
禳	rhpe	32
壤	rhfe	30
瀼	rhie	7
儴	rhwe	1
蘘	rhae	0
绕	rkxq	2976
饶	rkqq	485
扰	rkry	165
桡	rksq	135
娆	rkvq	18
荛	rkaq	1
热	rero	7255
惹	rean	1781
人	rfww	453337
任	rfwf	3573
认	rfyw	2034
忍	rfvn	1277
仁	rfwf	1055
刃	rfvy	733
壬	rftf	325
韧	rffy	162
饪	rfqf	65
稔	rftn	54
妊	rfvf	12
衽	rfpf	11
纫	rfxy	8
仞	rfwy	9
轫	rfly	5
讱	rfyy	4
纴	rfxf	4
葚	rfan	2
荏	rfaf	1
仍	rgwb	9239
扔	rgrb	5417
日	rijj	100724
驲	ricj	1
融	rsgj	935
容	rspk	596
蓉	rsak	182
荣	rsas	349
溶	rsik	278
戎	rsad	240
绒	rsxd	164
熔	rsok	108
冗	rspw	100
茸	rsab	98
榕	rssk	43
镕	rsqk	31
嵘	rsms	11
狨	rsqd	8
瑢	rsgk	5
蝾	rsjs	1
肉	rbmw	12032
揉	rbrs	1851
柔	rbcs	515
鞣	rbas	23
糅	rbos	14
蹂	rbks	6
𫐓	rbls	0
如	ruvk	84996
入	ruty	7331
乳	ruen	533
汝	ruiv	775
儒	ruwj	357
辱	rudf	276
濡	ruij	137
茹	ruak	51
铷	ruqk	101
褥	rupf	32
襦	rupj	31
蓐	ruaf	29
孺	rubj	23
洳	ruik	11
蠕	rujj	10
溽	ruif	8
缛	ruxf	5
嬬	ruvj	3
嚅	rukj	1
薷	ruaj	0
颥	rufm	0
挼	rwrg	19
软	rrlw	3650
阮	rrbq	593
堧	rrfd	3
瓀	rrgj	0
媆	rrvd	0
瑞	rvgj	820
睿	rvhh	609
锐	rvqq	305
蕊	rvan	64
芮	rvaw	87
汭	rviw	22
蚋	rvjw	17
蕤	rvag	6
枘	rvsw	4
润	rpig	1080
闰	rpug	774
若	roak	16573
弱	roxu	6727
箬	rotk	21
偌	rowk	12
爇	roao	10
蒻	roau	9
鄀	roab	7
婼	rovk	4
撒	sart	2166
萨	saat	863
仨	sawd	1356
洒	sais	448
飒	saur	139
卅	sagk	34
靸	saay	22
潵	sait	10
挲	sair	1
脎	saes	0
赛	slpm	2400
塞	slpf	2971
鳃	slqn	240
腮	slen	190
噻	slkf	125
三	sjdg	43160
散	sjat	1746
伞	sjwf	1266
叁	sjcd	225
糁	sjoe	9
毵	sjce	1
馓	sjqt	1
桑	shcs	1029
嗓	shks	972
丧	shfe	940
颡	shcm	23
搡	shrs	17
磉	shds	0
扫	skrv	2284
骚	skcj	659
嫂	skvc	112
搔	skrj	87
臊	skes	86
埽	skfh	7
缫	skxs	4
瘙	skuj	2
溞	skij	2
色	seqc	3848
瑟	segt	486
涩	seih	670
铯	seqc	248
塞	sepf	15
啬	sefk	17
穑	setk	5
璱	segt	1
森	sfss	1134
僧	sgwj	525
啥	uakk	16822
杀	uars	11299
傻	uawt	4826
沙	uait	1591
鲨	uaig	604
莎	uaat	384
煞	uaqo	334
纱	uaxt	241
砂	uadt	199
刹	uarj	129
痧	uaut	73
厦	uadt	45
嗄	uakt	8
歃	uatw	6
霎	uafv	4
铩	uaqs	4
裟	uaie	3
唼	uakv	2
杉	uase	1
挲	uair	1
晒	uljs	3254
筛	ulth	729
色	ulqc	3
山	ujmm	6028
删	ujmj	2773
闪	ujuw	2762
善	ujuk	2360
扇	ujyn	1366
衫	ujpe	463
擅	ujrg	403
陕	ujbd	201
珊	ujgg	166
膳	ujek	88
杉	ujse	101
煽	ujon	79
膻	ujeg	78
疝	ujum	58
骟	ujcn	52
钐	ujqe	47
赡	ujmy	46
讪	ujym	30
禅	ujpf	20
剡	ujoj	26
缮	ujxk	26
鳝	ujqk	25
苫	ujak	21
鄯	ujub	19
芟	ujac	16
嬗	ujvg	12
埏	ujfp	7
汕	ujim	7
晱	ujjo	5
姗	ujvg	6
潸	ujie	4
跚	ujkg	3
烻	ujop	3
蟮	ujjk	2
单	ujuf	2
栅	ujsg	1
舢	ujtm	1
墡	ujfk	1
嶦	ujmy	1
𫮃	ujff	0
上	uhhg	403722
商	uhyk	3053
伤	uhwe	3432
熵	uhok	2697
尚	uhik	1469
赏	uhim	757
殇	uhgr	159
裳	uhie	61
觞	uhqr	44
墒	uhfk	8
垧	uhfk	8
晌	uhjk	8
绱	uhxk	4
少	ukit	28144
烧	ukoq	4579
稍	ukte	2436
勺	ukqy	1625
捎	ukre	232
哨	ukke	315
邵	ukvb	312
绍	ukxk	141
梢	ukse	117
苕	ukak	87
韶	ukuk	49
蛸	ukje	21
劭	ukve	10
潲	ukie	8
艄	ukte	4
芍	ukay	4
筲	ukte	2
召	ukvk	1
鞘	ukae	1
睄	ukhe	0
柖	uksk	0
玿	ukgk	0
社	uepf	3937
蛇	uejx	3012
设	ueyc	2692
射	uetf	1320
舍	uewk	803
舌	uetd	679
摄	uerc	684
涉	ueih	248
折	uerr	179
赦	ueft	157
奢	uedj	81
赊	uemi	92
佘	uewi	118
麝	ueof	46
慑	uenc	49
歙	ueww	31
畲	uewl	12
阇	ueuj	11
滠	ueic	4
厍	uedl	1
拾	uerk	1
猞	ueqk	0
𪨶	ueml	0
谁	uzyy	32982
神	ufph	13743
深	ufis	5042
身	uftt	2172
申	ufjh	2252
肾	ufje	1679
沈	ufiq	1220
甚	ufdn	1511
审	ufph	936
伸	ufwh	942
什	ufwf	765
砷	ufdh	359
慎	ufnw	286
婶	ufvh	260
渗	ufie	173
侁	ufwq	90
糁	ufoe	81
哂	ufks	60
蜃	ufdj	40
莘	ufau	36
诜	ufyq	32
瘆	ufue	22
甡	uftg	22
参	ufce	18
燊	ufos	18
谌	ufyn	20
椹	ufsn	19
矧	ufth	18
绅	ufxh	14
呻	ufkh	16
屾	ufmm	3
珅	ufgh	12
谂	ufyn	11
胂	ufeh	10
葚	ufan	8
鲹	ufqe	6
娠	ufve	3
棽	ufsn	3
瞫	ufhj	0
𬬹	ufqh	0
𬳽	ufcq	0
生	ugtg	8631
声	ugfn	5221
省	ugih	6221
升	ugta	4827
胜	ugeg	3630
圣	ugcf	1608
剩	ugtj	1100
绳	ugxn	661
笙	ugtg	275
昇	ugja	243
盛	ugdl	200
晟	ugjn	142
牲	ugcg	68
甥	ugte	36
陞	ugbf	42
眚	ugth	12
乘	ugtx	6
嵊	ugmx	0
是	uijh	1799848
时	uijf	287440
式	uiay	26449
使	uiwr	33800
事	uigh	35940
师	uijh	4910
史	uikr	7115
诗	uiyf	6750
市	uiyh	4912
屎	uino	3483
十	uifh	3259
视	uipq	3196
室	uipf	2371
石	uidg	3278
试	uiyy	2379
实	uipd	1958
饰	uiqh	2237
士	uifg	1274
湿	uiio	1502
食	uiwv	1705
氏	uiqa	1614
势	uire	1505
世	uian	959
施	uiyb	880
失	uitg	765
始	uivk	910
尸	uint	806
识	uiyw	597
狮	uiqh	370
适	uitp	310
矢	uitd	447
嗜	uikj	305
谥	uiyl	349
誓	uiry	316
拾	uirk	307
弑	uiry	257
释	uitg	228
示	uifi	267
恃	uinf	239
侍	uiwf	156
仕	uiwf	170
逝	uirp	174
豕	uige	154
轼	uily	115
蚀	uiqj	106
噬	uikw	105
匙	uijx	96
虱	uinj	86
拭	uiry	90
祏	uipd	14
铈	uiqh	57
柿	uish	52
奭	uidj	36
莳	uiaf	44
驶	uicr	39
似	uiww	36
舐	uita	33
筮	uitw	29
湜	uiih	19
栻	uisy	21
螫	uifj	18
贳	uiam	16
蓍	uiaj	15
炻	uiod	11
什	uiwf	3
酾	uisy	3
鲥	uiqf	3
媞	uivh	2
鼫	uied	2
鸤	uing	2
嘘	uiko	2
鲺	uiqj	2
殖	uigh	2
峙	uimf	1
襫	uipj	1
邿	uifb	1
浉	uiih	1
埘	uiff	0
䏡	uiei	0
䴓	uigg	0
𫚕	uiqh	0
𬤊	uiyh	0
受	ubec	18960
手	ubrh	19455
收	ubnt	8112
首	ubuh	3887
瘦	ubuc	3126
守	ubpf	2411
兽	ubuk	1282
寿	ubdf	343
售	ubwk	178
授	ubrc	364
熟	ubyo	270
绶	ubxc	84
艏	ubth	76
狩	ubqf	58
书	uuny	45340
数	uuot	11916
树	uusf	6199
属	uuny	5150
输	uulj	3550
术	uusy	3287
叔	uuhc	2659
熟	uuyo	2426
蜀	uulj	1911
竖	uuju	1216
鼠	uuen	1246
疏	uunk	577
舒	uuwh	605
梳	uusk	518
赎	uumd	531
束	uusk	423
孰	uuyy	249
述	uusp	329
署	uulj	319
黍	uuti	359
塾	uuyf	265
姝	uuvf	239
恕	uuvn	261
淑	uuic	221
庶	uuoo	186
戍	uuaw	133
漱	uuiw	132
殊	uugf	111
暑	uujj	99
殳	uuwc	67
薯	uuaj	59
曙	uujj	54
抒	uurh	47
蔬	uuak	25
枢	uusr	39
菽	uuac	41
澍	uuif	20
倏	uuwd	21
墅	uujf	15
腧	uuej	15
摅	uurn	10
纾	uuxh	9
隃	uubj	7
秫	uuty	7
沭	uuiy	4
婌	uuvc	1
陎	uubf	1
毹	uuwe	1
鄃	uuwb	0
𬬸	uuqy	0
刷	uwnj	22625
耍	uwdv	1791
唰	uwkj	214
帅	uyjh	3111
甩	uyen	3151
摔	uyrf	2926
衰	uyye	423
率	uyyf	504
蟀	uyjf	3
涮	urij	534
栓	ursg	391
拴	urrg	203
闩	urug	22
腨	urej	0
双	udcc	12036
爽	uddr	4498
霜	udfh	758
泷	udiy	21
孀	udvh	7
鹴	udfg	1
骦	udch	1
漴	udii	1
礵	uddh	0
水	uvii	28276
谁	uvyy	8246
睡	uvha	5679
税	uvtq	5086
帨	uvmq	6
说	uvyq	4
顺	upkm	2080
舜	upeg	1126
瞬	uphg	152
吮	upkq	64
楯	upsh	27
说	uoyq	267892
硕	uodm	1078
朔	uoue	520
槊	uous	120
烁	uooi	47
搠	uore	23
铄	uoqi	16
数	uoot	2
妁	uovy	0
蒴	uoae	0
四	silg	22625
死	sigx	19616
斯	sidr	3943
撕	sirr	3009
丝	sixg	1523
似	siww	2035
寺	siff	1407
思	siln	1366
私	sitc	1364
司	sink	931
饲	siqk	554
嗣	sikk	262
巳	sinn	282
嘶	sikr	246
肆	sidg	242
祀	sipn	209
驷	sicl	183
姒	sivw	181
俟	siwd	166
锶	siqn	159
泗	siil	102
厮	sidr	59
兕	sihq	38
笥	sitk	33
汜	siin	22
咝	sikg	23
伺	siwk	22
鸶	sixg	17
涘	siid	10
缌	sixn	9
耜	sifn	8
澌	siir	7
蛳	sijh	4
虒	sirw	4
飔	siwn	3
凘	siur	2
㟃	simk	0
楒	sisn	0
送	ssup	13081
宋	ssps	5371
怂	sswn	1873
松	sssc	1594
颂	sswm	367
诵	ssye	143
菘	ssac	112
崧	ssmc	68
耸	sswb	82
嵩	ssmk	69
竦	ssuk	45
淞	ssic	35
讼	ssyc	21
娀	ssvd	26
凇	ssuc	11
悚	ssnk	10
忪	ssnc	0
㧐	ssrc	0
搜	sbrc	7671
艘	sbtc	1386
嗖	sbkc	137
馊	sbqc	123
叟	sbec	118
廋	sboc	46
薮	sbat	33
溲	sbic	21
瞍	sbhc	17
嗽	sbkw	11
蒐	sbac	10
飕	sbwc	8
嗾	sbkd	6
擞	sbrt	4
锼	sbqc	4
螋	sbjc	4
苏	suaw	2904
酥	sust	1601
素	sugi	1112
速	susp	1286
俗	suwk	816
诉	suyy	545
宿	supj	307
粟	suso	224
溯	suie	145
塑	suuf	102
肃	suvw	91
稣	suqt	30
谡	suyt	31
愫	suni	30
夙	suwq	27
甦	sugg	21
涑	suik	10
窣	supf	7
骕	sucw	5
蔌	suaw	4
嗉	suki	3
簌	sutw	4
傃	suwi	3
鹔	suvg	2
蹜	sukj	2
缩	suxj	1
僳	suwo	0
觫	suqk	0
𫗧	suqk	0
算	srta	22186
酸	srst	4146
蒜	srai	1027
狻	srqt	6
岁	svmq	68830
随	svbp	5965
虽	svkj	5961
遂	svup	4195
碎	svdf	1722
隋	svbe	521
穗	svtn	136
髓	svmp	123
燧	svop	48
尿	svni	80
隧	svbp	73
睢	svhy	41
绥	svxv	43
祟	svbi	33
荽	svav	16
谇	svyf	9
眭	svhf	4
邃	svpp	4
濉	sviy	3
旞	svyp	2
穟	svtp	1
璲	svgp	1
襚	svpp	0
𫟦	svlp	0
𬭼	svqp	0
孙	spbi	2392
损	sprm	581
隼	spwf	516
榫	spsf	457
笋	sptt	313
飧	spqv	22
荪	spai	10
狲	spqi	7
所	sorr	72425
锁	soqm	3289
索	sofi	1104
缩	soxj	591
嗦	soki	496
梭	sost	147
娑	soiv	58
蓑	soae	53
唆	sokt	28
琐	sogm	16
羧	sout	10
睃	soht	3
溹	soii	3
葰	soat	1
唢	sokm	1
嗍	soke	1
莎	soat	1
挲	soir	1
桫	sost	0
他	tawb	456616
它	tapx	185989
她	tavb	181229
塔	tafk	3742
塌	tafn	656
踏	takj	505
祂	tapn	412
挞	tarp	152
拓	tard	86
铊	taqx	104
榻	tasn	85
牠	tacn	83
趿	taky	22
沓	taij	48
獭	taqm	27
闼	taup	28
蹋	takn	27
鳎	taqn	14
溻	tain	4
遢	tajp	3
鞳	taak	3
阘	taun	2
褟	tapn	1
鿎	tadp	0
太	tldy	25990
台	tlck	7146
态	tldn	2675
胎	tlek	1370
抬	tlrk	1499
泰	tldi	1055
钛	tlqy	812
肽	tley	576
苔	tlak	185
汰	tliy	87
鲐	tlqk	8
骀	tlck	10
邰	tlcb	9
薹	tlaf	7
酞	tlsy	2
跆	tlkk	3
炱	tlco	3
谈	tjyo	11916
碳	tjdo	2732
弹	tjxf	3370
摊	tjry	711
贪	tjwm	987
痰	tjuo	897
探	tjrs	609
谭	tjyj	464
叹	tjkc	534
滩	tjiy	257
坛	tjfc	351
坦	tjfg	335
炭	tjmo	270
瘫	tjuy	198
檀	tjsg	131
毯	tjeo	193
潭	tjij	180
昙	tjjc	96
钽	tjqg	86
覃	tjsj	13
郯	tjob	18
坍	tjfy	16
璮	tjgg	15
镡	tjqj	14
惔	tjno	12
忐	tjhn	12
菼	tjao	10
袒	tjpg	7
倓	tjwo	2
澹	tjiy	2
锬	tjqo	1
榃	tjsl	1
磹	tjdj	0
糖	thok	6440
汤	thir	5521
唐	thok	4139
躺	thtk	2114
烫	thio	1599
堂	thif	1279
趟	thfk	1464
棠	this	502
淌	thik	241
塘	thfk	185
倘	thwk	99
膛	thef	95
蹚	thkf	89
帑	thvh	19
樘	thsf	26
镗	thqf	58
傥	thwq	24
溏	thik	24
螳	thjf	22
镋	thqq	10
搪	thrk	11
羰	thuo	10
嘡	thkf	7
螗	thjk	6
瑭	thgk	1
鄌	thob	1
耥	thfk	0
埫	thfk	0
铴	thqr	0
䣘	thib	0
套	tkdd	8887
淘	tkib	1859
逃	tkqp	2176
掏	tkrb	1913
讨	tkyf	978
桃	tksi	745
陶	tkbb	701
韬	tkfe	102
涛	tkif	223
弢	tkxc	125
饕	tkkv	69
绦	tkxs	36
洮	tkii	15
叨	tkkv	4
滔	tkie	14
萄	tkab	11
焘	tkdo	10
梼	tksf	8
绹	tkxb	6
啕	tkkb	5
慆	tkne	4
鼗	tkqc	3
𫘦	tkcb	0
特	tecf	5462
铽	teqy	33
慝	tean	26
忒	teay	5
忑	tegn	2
忒	tzay	378
疼	tguu	4347
藤	tgai	458
腾	tgeg	529
滕	tgei	152
熥	tgop	7
誊	tguy	26
縢	tgei	19
螣	tgej	1
䲢	tgeg	0
题	tijm	32940
提	tirh	8984
体	tiwg	5155
踢	tikr	7074
替	tigj	4647
剃	tiuj	619
梯	tist	181
缇	tixh	173
锑	tiqt	170
蹄	tikh	99
剔	tijj	96
啼	tikh	85
悌	tint	59
涕	tiit	51
惕	tinr	26
薙	tiay	24
醍	tish	19
屉	tinn	18
嚏	tikh	13
鹈	tiug	9
擿	tirp	8
绨	tixt	7
荑	tiaw	3
倜	tiwk	3
裼	tipr	3
媞	tivh	2
鳀	tiqh	1
逖	tiqp	2
趯	tify	1
瑅	tigh	1
遆	tiyp	0
䏲	tiet	0
䴘	tirg	0
𫘨	tich	0
天	tmgd	49112
甜	tmtf	3401
填	tmfw	3597
田	tmll	1984
舔	tmtn	2055
添	tmin	707
忝	tmgn	86
湉	tmid	33
殄	tmge	26
恬	tmnd	23
腆	tmew	17
阗	tmuw	13
掭	tmrn	9
觍	tmmq	5
瑱	tmgw	5
沺	tmil	4
畋	tmlt	3
淟	tmiw	2
晪	tmjw	1
盷	tmhu	0
黇	tmak	0
条	tcts	13479
跳	tcki	8339
挑	tcri	6621
调	tcyk	3560
祧	tcpi	41
窕	tcpi	26
朓	tcei	23
粜	tcbo	20
蜩	tcjk	18
佻	tcwi	17
眺	tchi	11
苕	tcak	8
嬥	tcvy	7
鲦	tcqs	2
髫	tcdk	2
迢	tcvp	2
笤	tctk	0
龆	tchk	0
贴	txmk	9776
铁	txqg	5295
帖	txmk	1639
餮	txgv	9
萜	txak	8
听	tykr	40801
挺	tyrp	19810
停	tyws	2444
厅	tyds	1262
亭	tyys	633
艇	tytp	444
庭	tyop	353
汀	tyis	264
廷	tytp	177
婷	tyvs	139
霆	tyfp	137
烃	tyoa	92
铤	tyqp	23
珽	tygp	16
梃	tysp	12
渟	tyis	12
葶	tyas	11
蜓	tyjp	7
莛	tyap	3
圢	tyfs	3
桯	tysg	2
颋	tytm	1
侹	tywp	1
烶	tyop	1
䗴	tyjp	0
𬘩	tyxp	0
同	tsmk	20243
通	tscp	3450
痛	tsue	3674
铜	tsqk	2665
桶	tsse	2477
捅	tsre	1787
筒	tstk	497
佟	tswu	312
统	tsxq	433
童	tsuf	369
酮	tssk	489
瞳	tshf	132
桐	tssk	101
彤	tsme	89
砼	tsda	63
嗵	tskp	73
僮	tswf	52
恸	tsne	26
仝	tswa	20
穜	tstf	18
潼	tsif	13
烔	tsok	4
橦	tssf	4
垌	tsfk	3
茼	tsak	2
洞	tsik	2
峒	tsmk	1
曈	tsjf	1
哃	tskk	0
鲖	tsqk	0
㛚	tsve	0
峂	tsmu	0
𦒍	tsun	0
𫍣	tsyk	0
头	tbud	15577
投	tbrc	11100
偷	tbwj	3304
透	tbtp	1763
骰	tbmc	111
图	tulu	45975
土	tuff	4423
吐	tukf	2566
涂	tuis	1874
兔	tuqy	1415
突	tupd	630
屠	tunj	566
徒	tuth	520
凸	tuhg	541
秃	tutw	527
途	tuwp	241
荼	tuas	239
钍	tuqf	133
酴	tuss	28
菟	tuay	23
凃	tuus	14
稌	tuts	6
堍	tufy	1
腯	tueh	1
梌	tuss	1
葖	tuad	0
㻬	tugn	0
𬳿	tucs	0
团	trlt	6135
彖	trxe	41
湍	trij	37
抟	trry	32
猯	trqj	14
疃	trlf	8
煓	troj	1
推	tvry	8761
腿	tvep	8585
退	tvvp	4296
忒	tvay	378
颓	tvtm	265
褪	tvpp	249
蜕	tvjq	72
煺	tvop	10
魋	tvry	2
𬯎	tvbm	0
囤	tpln	1056
臀	tpne	903
吞	tpgk	813
屯	tpgn	883
豚	tpee	179
鲀	tpqn	37
暾	tpjt	18
焞	tpob	11
饨	tpqn	5
坉	tpfn	5
褪	tppp	3
忳	tpnn	1
拖	torb	4001
托	tora	2624
脱	toeq	1249
坨	tofx	631
陀	tobx	422
驼	tocx	226
驮	tocd	215
拓	tord	86
妥	toev	108
佗	towx	74
侂	towa	12
唾	toka	58
沱	toix	55
铊	toqx	52
橐	togs	49
鼍	tokn	39
鸵	toqx	34
椭	tose	29
砣	todx	14
柁	tosx	10
箨	totg	12
跎	tokx	5
酡	tosx	5
柝	tosy	4
圫	tofa	4
萚	toag	3
庹	tooy	0
𬶍	toqx	0
哇	wakf	6161
挖	warn	3695
娃	wavf	3828
瓦	wagy	1573
蛙	wajf	548
袜	waps	280
洼	waif	53
娲	wavw	29
凹	wahg	4
佤	wawy	4
窊	wapy	2
坬	wafy	1
腽	wael	0
畖	waly	0
外	wlqh	35670
歪	wldh	1648
崴	wlmv	69
万	wjgq	91334
玩	wjgq	43160
完	wjpq	18286
晚	wjjq	4970
碗	wjdb	2899
弯	wjyx	1707
丸	wjvy	1126
湾	wjix	868
挽	wjrq	385
绾	wjxn	256
腕	wjeb	252
纨	wjxy	47
烷	wjoq	209
剜	wjpj	188
皖	wjrq	126
菀	wjab	72
卍	wjnh	65
宛	wjpb	69
顽	wjfm	53
豌	wjgb	43
婉	wjvb	45
莞	wjaq	38
畹	wjlb	36
脘	wjeq	23
椀	wjsb	25
婠	wjvn	10
琬	wjgb	10
惋	wjnb	8
蜿	wjjb	7
芄	wjay	2
蔓	wjac	1
塆	wjfx	0
𬇕	wjiq	0
往	whtg	21432
王	whgg	13117
网	whmr	6718
望	whyg	3309
忘	whyn	2732
汪	whig	1032
亡	whyn	933
旺	whjg	382
妄	whyv	123
枉	whsg	185
罔	whmn	162
辋	whln	31
尢	whdn	15
惘	whnn	9
魍	whrn	11
尪	whdg	7
为	wzyy	306925
位	wzwu	19478
未	wzfy	11153
味	wzkf	4903
微	wztt	4250
喂	wzke	4943
伪	wzwy	3443
胃	wzle	3483
维	wzxy	2695
威	wzdv	826
唯	wzky	2270
魏	wztc	2292
尾	wzne	1444
卫	wzbg	1089
谓	wzye	999
围	wzlh	737
韦	wzfh	590
惟	wzny	652
委	wztv	278
危	wzqb	492
薇	wzat	416
畏	wzle	302
煨	wzoe	254
伟	wzwh	205
隈	wzbe	111
炜	wzoh	151
违	wzfp	115
尉	wznf	106
苇	wzah	22
萎	wzav	101
慰	wznn	124
纬	wzxh	76
鲔	wzqe	75
蔚	wzaf	75
圩	wzff	68
艉	wzte	59
玮	wzgh	57
帷	wzmy	52
渭	wzie	43
帏	wzmh	43
洧	wzie	38
桅	wzsb	33
猥	wzqe	29
痿	wzuv	29
巍	wzmc	19
嵬	wzmc	19
猬	wzqe	19
薳	wzap	18
鳚	wzqf	16
潍	wziy	12
亹	wzyg	11
葳	wzav	9
偎	wzwe	8
闱	wzuh	7
诿	wzyv	6
韪	wzjh	5
娓	wzve	4
隗	wzbc	4
溦	wzit	3
沩	wziy	3
硙	wzdn	3
崴	wzmv	2
煟	wzoe	2
廆	wzoc	1
逶	wztp	1
碨	wzde	1
涠	wzih	1
洈	wzib	1
霨	wzff	0
琟	wzgy	0
峗	wzmb	0
螱	wznj	0
鳂	wzqe	0
𣲗	wzih	0
𫇭	wzay	0
𬀩	wzjh	0
𬱟	wzqm	0
𬶏	wzqb	0
问	wfuk	41500
文	wfyy	8884
稳	wftn	3630
闻	wfub	1823
纹	wfxy	1174
温	wfil	1123
吻	wfkr	1008
蚊	wfjy	248
瘟	wful	167
玟	wfgy	67
雯	wffy	35
汶	wfiy	27
炆	wfoy	17
辒	wfll	9
刎	wfqj	8
阌	wfuc	7
紊	wfyi	6
蕰	wfal	5
榅	wfsl	3
芠	wfay	2
鳁	wfql	1
璺	wfey	1
𫘜	wfcy	0
翁	wgwn	648
嗡	wgkn	141
瓮	wgwy	102
滃	wgin	8
蓊	wgan	3
蕹	wgay	2
鹟	wgwg	2
𬭩	wgqn	0
我	woty	889049
喔	wokf	2736
窝	wopw	1255
握	worf	763
沃	woid	426
卧	woah	383
涡	woiw	161
倭	wowv	99
斡	woff	98
龌	wohf	99
渥	woif	81
偓	wowf	26
蜗	wojw	16
挝	worp	12
肟	woen	10
幄	womf	9
硪	wody	9
涴	woib	6
莴	woaw	2
踒	wokv	0
无	wufq	28712
五	wugg	13987
物	wucr	4443
吴	wukd	3563
吾	wugk	4280
勿	wuqr	2642
乌	wutg	1340
舞	wutg	1924
武	wugy	1672
屋	wunf	1130
误	wuyd	1606
悟	wunk	849
唔	wukk	1462
雾	wufe	1244
捂	wurk	659
伍	wuwg	441
戊	wudy	475
污	wuin	351
呜	wukg	313
午	wutf	229
务	wute	264
巫	wuaw	272
兀	wugq	273
钨	wuqg	209
坞	wufg	204
恶	wugn	166
毋	wund	172
邬	wutb	48
诬	wuyw	65
寤	wupk	66
庑	wuoq	33
侮	wuwx	42
焐	wuok	38
芜	wuaq	34
旿	wujf	33
忤	wunf	26
鹜	wucg	20
梧	wusk	17
晤	wujk	10
骛	wucg	8
杌	wusq	8
迕	wutp	7
鹀	wuag	4
鼯	wuek	5
圬	wufn	5
妩	wuvq	5
怃	wunq	5
洿	wuin	5
浯	wuik	5
珷	wugy	5
芴	wuar	4
婺	wucv	3
鋈	wuiq	3
屼	wumq	2
鹉	wugg	2
铻	wuqk	1
珸	wugk	1
蜈	wujd	1
牾	wuck	1
郚	wugb	1
仵	wuwf	0
痦	wuuk	0
靰	wuaq	0
峿	wumk	0
𣲘	wuiq	0
系	xiti	11730
洗	xiiq	5267
戏	xica	5059
西	xisg	4125
细	xixl	2921
吸	xiky	2485
喜	xifk	2026
兮	xiwn	1597
希	xirh	864
席	xioh	887
膝	xiei	666
稀	xith	583
锡	xiqr	525
习	xinu	498
奚	xied	503
息	xitn	417
昔	xiaj	418
硒	xids	327
惜	xinj	332
袭	xide	368
溪	xiid	286
悉	xitn	295
徙	xith	330
曦	xijy	214
析	xisr	235
玺	xiqy	238
熄	xion	218
隙	xibi	77
夕	xiqy	212
汐	xiiq	111
蜥	xijr	179
熙	xiao	179
茜	xias	174
嘻	xikk	135
檄	xist	136
铣	xiqq	131
晞	xijh	105
晰	xijr	75
犀	xing	70
禧	xipk	75
嬉	xivk	60
豨	xigh	64
烯	xioh	63
釐	xiff	61
隰	xibo	43
羲	xiuy	39
郤	xiwb	40
谿	xiek	38
郗	xirb	38
牺	xics	35
歙	xiww	31
僖	xiwk	25
熹	xifo	26
咥	xikf	28
禊	xipd	28
翕	xiwn	28
觋	xiaq	24
皙	xisr	23
媳	xivn	17
枲	xics	15
嶲	ximn	15
饩	xiqr	14
醯	xisl	13
憙	xifn	12
唏	xikh	11
舄	xieo	12
浠	xiih	11
舾	xits	10
淅	xiir	10
蹊	xikd	9
傒	xiwd	8
螅	xijn	1
肸	xief	7
屣	xinh	7
觿	xiqk	6
酅	ximb	5
穸	xipq	5
屃	xinm	4
蓰	xiah	4
潟	xiio	4
鳛	xiqr	4
裼	xipr	3
鼷	xied	3
阋	xiuq	3
绤	xixk	2
蟋	xijn	2
葸	xian	2
樨	xisg	2
爔	xioy	2
睎	xihh	2
熻	xion	2
粞	xios	2
巇	xima	1
窸	xipn	1
俙	xiwh	0
菥	xiar	0
恓	xins	0
嶍	ximr	0
暿	xijk	0
饻	xiqe	0
𠅤	xiyn	0
𫘬	xicd	0
𬭳	xiqk	0
𬶮	xiqk	0
下	xwgh	136753
瞎	xwhk	6077
夏	xwdt	3174
侠	xwwd	1457
虾	xwjh	2313
吓	xwkh	1309
霞	xwfc	323
峡	xwmd	157
瑕	xwgc	156
狭	xwqd	127
匣	xwal	103
辖	xwlk	90
呷	xwkl	53
叚	xwnc	45
暇	xwjc	42
狎	xwql	25
遐	xwnp	25
硖	xwdd	13
罅	xwtf	12
柙	xwsl	8
黠	xwlk	4
厦	xwdt	2
翈	xwln	0
先	xmtq	75337
线	xmxa	24039
险	xmbg	1644
弦	xmxx	5233
现	xmgq	4526
县	xmec	3106
嫌	xmvw	2579
仙	xmwm	1748
咸	xmdk	1224
显	xmjo	1258
鲜	xmqu	1269
限	xmbv	968
闲	xmus	1019
藓	xmau	950
馅	xmqe	720
献	xmfd	717
贤	xmjm	567
掀	xmrw	306
陷	xmbe	312
衔	xmts	206
见	xmmq	160
酰	xmsq	186
氙	xmrm	184
腺	xmei	105
娴	xmvs	17
羡	xmuw	89
霰	xmft	70
筅	xmtq	17
纤	xmxf	58
宪	xmpq	44
籼	xmom	43
蚬	xmjq	34
冼	xmuq	33
舷	xmtx	30
涎	xmip	26
岘	xmmq	21
苋	xmaq	24
狝	xmqi	16
跣	xmkq	11
燹	xmgo	10
锨	xmqw	8
洗	xmiq	6
祆	xmpd	7
暹	xmjp	5
缐	xmxi	5
猃	xmqg	5
痫	xmus	2
伭	xmwx	3
崄	xmmg	3
跹	xmkp	2
莶	xmag	2
挦	xmrf	2
孅	xmvg	1
忺	xmnw	1
鹇	xmug	1
禒	xmpe	0
㬎	xmjo	0
𪾢	xmhq	0
𫍯	xmyk	0
𬀪	xmjq	0
𬸣	xmpg	0
想	xdsn	109045
像	xdwe	96410
向	xdtk	60969
项	xdam	8453
香	xdtj	5918
相	xdsh	4412
象	xdqe	3200
箱	xdth	1373
乡	xdxt	1183
响	xdkk	1636
降	xdbg	1710
翔	xdun	603
橡	xdse	394
巷	xdan	476
享	xdyb	504
湘	xdih	268
厢	xddh	103
镶	xdqe	193
祥	xdpu	201
饷	xdqk	148
飨	xdxv	139
详	xdyu	135
襄	xdye	101
芗	xdat	14
庠	xdou	19
骧	xdce	14
缃	xdxh	10
瓖	xdge	6
鲞	xdug	5
珦	xdgk	1
葙	xdah	0
𬙋	xdxe	0
小	xciy	97239
笑	xctd	11737
肖	xcie	3450
校	xcsr	1905
箫	xctw	963
孝	xcfb	830
逍	xcip	841
萧	xcaw	727
消	xcie	803
削	xcij	750
晓	xcjq	510
效	xcut	338
销	xcqe	269
枭	xcqs	264
筱	xctt	191
鸮	xckg	112
骁	xccq	93
咲	xcky	91
宵	xcpe	97
魈	xcre	99
硝	xcde	92
崤	xcme	82
枵	xcsn	75
啸	xckw	60
绡	xcxe	30
霄	xcfe	30
潇	xciw	26
蛸	xcje	21
嚣	xckk	18
虓	xcvw	17
翛	xcwn	13
猇	xcqw	12
淆	xcie	8
皛	xcrr	5
哮	xckb	3
洨	xcir	3
哓	xckq	2
涍	xcib	1
滧	xcit	1
蟏	xcjw	0
敩	xcit	0
𫍲	xcyc	0
写	xxpg	49088
些	xxhf	14940
鞋	xxaf	4090
血	xxtl	3978
谢	xxyf	3167
斜	xxwf	2004
蟹	xxqj	1909
邪	xxab	1082
携	xxrb	866
卸	xxtb	525
歇	xxjw	452
屑	xxne	493
挟	xxrd	301
协	xxfw	145
泻	xxig	141
泄	xxin	187
蝎	xxjn	153
械	xxsa	74
偕	xxwr	124
燮	xxyc	111
谐	xxyr	84
胁	xxew	69
解	xxqg	51
榭	xxsf	52
楔	xxsd	47
薤	xxag	46
澥	xxig	27
亵	xxye	23
缬	xxxm	19
懈	xxng	17
绁	xxxn	16
撷	xxrm	14
絜	xxdi	12
廨	xxog	9
獬	xxqg	7
渫	xxis	7
勰	xxen	6
偰	xxwd	5
瀣	xxig	5
颉	xxfm	3
邂	xxqp	2
揳	xxrd	2
叶	xxkf	1
薢	xxag	0
躞	xxkc	0
榍	xxse	0
㙦	xxwf	0
𤫉	xxgc	0
𬹼	xxhj	0
新	xnur	49654
心	xnny	14190
信	xnwy	7517
芯	xnan	1345
锌	xnqu	1015
辛	xnuh	992
薪	xnar	657
欣	xnrw	292
鑫	xnqq	251
馨	xnfj	118
昕	xnjr	103
忻	xnnr	42
歆	xnuw	32
衅	xntg	33
炘	xnor	17
镡	xnqj	14
囟	xntr	8
伈	xnwn	3
莘	xnau	1
䜣	xnyr	0
𫷷	xnow	0
型	xygf	29586
性	xyng	21848
星	xyjg	6897
行	xyts	5190
形	xyge	3300
姓	xyvg	2936
醒	xysg	1144
兴	xyiw	898
邢	xygb	721
刑	xygj	404
幸	xyff	483
杏	xysk	272
腥	xyeg	238
陉	xyba	93
擤	xyrj	79
荇	xyas	68
省	xyih	54
饧	xyqr	36
猩	xyqg	20
煋	xyog	13
骍	xycu	12
婞	xyvf	8
惺	xyng	6
荥	xyai	4
铏	xyqj	2
悻	xynf	2
钘	xyqa	1
瑆	xygg	0
硎	xydj	0
𫰛	xyva	0
胸	xseb	3173
熊	xsco	2328
凶	xsrb	1197
兄	xskq	858
雄	xsdy	540
匈	xsqb	453
芎	xsax	37
夐	xsqt	6
讻	xsyb	4
汹	xsib	4
诇	xsyk	3
修	xqwe	5839
秀	xqtb	3259
休	xqws	1160
绣	xqxb	569
嗅	xqkd	543
溴	xqid	302
锈	xqqb	234
羞	xqug	257
袖	xqpm	168
咻	xqks	140
脩	xqwe	51
岫	xqmm	41
朽	xqsn	41
髹	xqds	38
宿	xqpj	35
琇	xqgb	28
貅	xqes	10
庥	xqos	10
滫	xqie	4
臭	xqtd	3
珛	xqge	1
馐	xqqg	1
鸺	xqwg	0
䗛	xqje	0
需	xvfj	6999
虚	xvho	2641
徐	xvts	2288
须	xvem	2555
许	xvyf	1427
续	xvxd	1301
序	xvoh	1321
嘘	xvko	582
叙	xvwc	562
恤	xvnl	311
蓄	xval	186
旭	xvvj	205
戌	xvdg	156
绪	xvxj	67
絮	xvvi	108
墟	xvfo	79
胥	xvne	73
圩	xvff	68
栩	xvsn	64
诩	xvyn	62
吁	xvkf	40
婿	xvve	34
昫	xvjk	28
煦	xvjo	24
媭	xvev	21
勖	xvje	12
蓿	xvaj	11
盱	xvhf	11
酗	xvsb	10
顼	xvgm	9
糈	xvoe	7
溆	xvic	5
欻	xvow	5
洫	xvil	5
湑	xvie	5
畜	xvyl	4
醑	xvse	3
浒	xvif	2
旴	xvjf	1
垿	xvfh	1
魆	xvrn	1
谞	xvye	0
珝	xvgn	0
㳚	xviw	0
冔	xvjf	0
𦈡	xvxj	0
𬣙	xvyh	0
选	xrtp	33171
癣	xruu	187
悬	xren	818
炫	xrox	742
玄	xryx	626
宣	xrpg	518
旋	xryh	405
轩	xrlf	353
萱	xrag	113
璇	xrgh	132
泫	xrix	105
渲	xrig	82
喧	xrkg	61
玹	xrgx	51
烜	xrog	54
铉	xrqx	39
漩	xrih	29
暄	xrjg	27
瑄	xrgg	24
谖	xryc	19
绚	xrxj	19
楦	xrsg	11
券	xruv	11
煊	xrog	17
衒	xrts	14
眩	xrhx	14
咺	xrkg	14
儇	xrwe	12
禤	xrpn	11
晅	xrjg	10
翾	xrln	8
碹	xrdg	3
昡	xrjx	2
琄	xrge	1
痃	xrux	0
暶	xrjh	0
愃	xrng	0
𫍽	xrye	0
𫓶	xrqe	0
𫠊	xrcx	0
学	xtib	39963
血	xttl	3978
雪	xtfv	3114
薛	xtau	602
靴	xtax	362
穴	xtpw	414
削	xtij	84
谑	xtyg	29
噱	xtke	19
鳕	xtqv	16
踅	xtrh	5
茓	xtaw	0
峃	xtim	0
寻	xpvf	1061
熏	xpto	687
训	xpyk	682
逊	xpbp	471
巡	xpvp	348
勋	xpke	267
埙	xpfm	238
巽	xpnw	221
讯	xpyf	199
循	xpth	184
荀	xpaj	157
旬	xpqj	137
殉	xpgj	140
薰	xpao	77
询	xpyj	64
迅	xpnp	71
洵	xpij	52
徇	xptj	55
驯	xpck	41
蕈	xpaj	23
浔	xpif	27
郇	xpqb	24
鲟	xpqf	24
荨	xpaf	13
恂	xpnj	15
醺	xpso	14
栒	xpsj	12
曛	xpjo	10
獯	xpqo	7
汛	xpif	7
珣	xpgj	6
噀	xpkw	5
峋	xpmj	3
浚	xpit	3
𫄸	xpxo	0
𬊈	xpof	0
𬍤	xpgf	0
𬘓	xpxk	0
𬩽	xpvb	0
呀	yakt	38123
压	yady	3969
牙	yaat	3090
鸭	yalg	2638
亚	yago	2594
雅	yaay	1141
押	yarl	845
丫	yauh	730
芽	yaat	347
吖	yakh	367
娅	yavo	255
哑	yako	193
崖	yamf	231
涯	yaif	112
氩	yaro	126
鸦	yaag	124
伢	yawt	102
衙	yats	97
轧	yaln	45
蚜	yajt	19
垭	yafo	7
猰	yaqd	15
玡	yagt	12
琊	yagb	8
砑	yadt	8
桠	yaso	8
迓	yaap	8
讶	yayt	6
揠	yarv	2
睚	yahf	1
岈	yamt	1
堐	yaff	0
盐	yjfl	6621
眼	yjhv	3705
演	yjiw	4029
烟	yjod	3260
言	yjyy	2944
沿	yjik	2476
研	yjda	1303
焉	yjgo	1293
严	yjgt	1164
颜	yjum	1110
腌	yjen	692
岩	yjmd	668
宴	yjpv	502
燕	yjao	637
验	yjcg	553
炎	yjoo	420
咽	yjkd	448
延	yjtp	392
彦	yjue	451
阎	yjue	217
厌	yjdd	214
艳	yjdc	235
掩	yjrn	238
闫	yjud	148
焰	yjoe	185
淹	yjin	170
晏	yjjv	170
俨	yjwt	117
雁	yjdy	146
鄢	yjgb	80
妍	yjva	131
嫣	yjvo	125
阏	yjuu	102
檐	yjsy	112
偃	yjwv	105
焱	yjoo	109
衍	yjts	93
阉	yjun	97
砚	yjdq	93
魇	yjdc	57
甗	yjhy	63
兖	yjuq	53
谳	yjyd	49
筵	yjtp	50
罨	yjln	42
赝	yjdm	48
弇	yjwa	38
湮	yjif	31
酽	yjst	24
奄	yjdn	21
琰	yjgo	20
堰	yjfv	20
餍	yjdv	14
郾	yjab	12
滟	yjic	13
沇	yjiq	13
芫	yjaq	11
铅	yjqk	9
谚	yjye	7
黡	yjdo	7
嬿	yjvo	3
唁	yjky	5
胭	yjed	6
蜒	yjjp	5
渰	yjia	4
墕	yjfo	3
棪	yjso	3
戭	yjpa	3
掞	yjro	2
蝘	yjjv	2
殷	yjrc	2
鼹	yjev	1
崦	yjmn	1
厣	yjdl	1
恹	yjnd	1
漹	yjio	1
虤	yjhw	1
扊	yjyo	0
䶮	yjdd	0
觃	yjmb	0
𪩘	yjmd	0
𫄧	yjxp	0
𬙂	yjxw	0
𬸘	yjag	0
杨	yhsr	4840
养	yhuj	4291
羊	yhuh	3005
样	yhsu	2058
氧	yhru	1650
阳	yhbj	1093
痒	yhuu	751
洋	yhiu	699
扬	yhrr	620
央	yhmd	215
仰	yhwb	288
漾	yhii	111
鞅	yhad	102
旸	yhjr	97
秧	yhtd	43
佯	yhwu	46
烊	yhou	33
殃	yhgd	25
飏	yhwr	21
炀	yhor	18
钖	yhqr	17
羕	yhui	10
疡	yhur	10
鸯	yhmg	10
恙	yhun	9
垟	yhfu	8
蛘	yhju	8
泱	yhid	7
怏	yhnd	4
玚	yhgr	3
徉	yhtu	1
咉	yhkd	1
要	yksv	264121
药	ykay	10276
腰	ykev	5728
妖	ykvd	2687
咬	ykkr	1991
邀	ykrp	1863
摇	ykrb	989
尧	ykaq	768
姚	ykvi	545
舀	ykee	406
约	ykxy	454
幺	ykxx	366
曜	ykjy	270
瑶	ykgb	272
谣	ykyb	202
窑	ykpb	155
遥	ykep	230
垚	ykff	207
爻	ykrr	193
夭	yktd	155
耀	ykiy	156
吆	ykkx	49
杳	yksj	74
窈	ykpe	66
峣	ykmq	47
肴	ykre	28
徭	yktb	26
钥	ykqe	20
鳐	ykqb	17
窅	ykph	15
鹞	ykeg	15
铫	ykqi	9
珧	ykgi	5
轺	yklk	4
疟	ykug	3
靿	ykae	1
侥	ykwq	1
崾	ykmv	1
猺	ykqb	0
媱	ykvb	0
㙘	ykfv	0
也	yebn	693871
页	yedm	9644
叶	yekf	2852
野	yejh	1578
夜	yeyy	2431
业	yeog	1925
耶	yebb	2146
液	yeiy	1098
爷	yewb	1742
噎	yeku	201
邺	yeob	163
掖	yery	134
谒	yeyn	114
椰	yesb	41
曳	yejt	75
冶	yeuk	46
晔	yejf	45
烨	yeof	43
铘	yeqb	42
腋	yeey	36
靥	yedf	28
倻	yewb	23
咽	yekd	6
馌	yeql	3
揶	yerb	0
以	yinw	198619
一	yigl	99581
亿	yiwn	31156
已	yinn	26602
亦	yiyo	8956
易	yijr	5021
矣	yicd	4064
乙	yinl	3109
译	yiyg	2889
意	yiun	2027
仪	yiwr	968
依	yiwe	1968
咦	yikw	2066
伊	yiwt	1411
椅	yisk	949
衣	yiye	1239
医	yiad	1053
义	yiyr	1282
翼	yinw	959
宜	yipg	891
异	yina	729
裔	yiyk	381
益	yiul	529
邑	yikc	577
移	yitq	566
壹	yifu	581
役	yitc	452
奕	yiyd	228
夷	yigw	416
艺	yian	391
疑	yixh	319
倚	yiwk	271
逸	yiqp	287
姨	yivw	314
忆	yinn	258
遗	yikp	205
议	yiyr	281
蚁	yijr	219
噫	yikn	268
抑	yirb	211
怡	yink	135
乂	yiry	125
铱	yiqe	187
溢	yiil	150
驿	yicg	138
疫	yiuc	140
翊	yiun	101
埸	yifr	13
胰	yiew	140
刈	yirj	104
颐	yiam	88
毅	yiuc	106
钇	yiqn	102
懿	yifn	97
诣	yiyj	98
彝	yixa	70
揖	yirb	77
弋	yiay	76
翳	yian	75
轶	yilg	76
羿	yina	73
祎	yiph	66
猗	yiqk	56
尾	yine	49
镒	yiql	24
贻	yimk	58
佚	yiwg	58
燚	yioo	13
谊	yiyg	38
弈	yiya	47
诒	yiyk	30
咿	yikt	40
扆	yiye	29
镱	yiqn	29
佾	yiwe	28
浥	yiic	27
臆	yien	18
瘗	yiuf	23
缢	yixl	19
沂	yiir	22
殪	yigu	22
峄	yimg	19
圯	yifn	19
绎	yixg	18
熠	yior	18
迤	yitp	17
劓	yitj	16
翌	yinu	16
漪	yiik	11
苡	yiaw	10
饴	yiqk	10
嶷	yimh	10
匜	yiab	9
屹	yimn	9
肄	yixg	8
挹	yirc	7
裛	yiye	7
潩	yiiw	6
舣	yitr	6
怿	ying	5
踦	yikk	5
螠	yijl	5
嗌	yikl	5
簃	yitq	4
薏	yian	5
黟	yilq	4
洢	yiit	4
繄	yiai	4
荑	yiaw	3
旖	yiyk	4
佁	yiwk	3
悒	yinc	3
嫕	yivn	2
鹢	yiug	2
勚	yiae	2
呓	yikn	2
眙	yihk	2
蜴	yijr	1
酏	yisb	1
鹝	yigg	1
艾	yiar	1
廙	yiow	2
枍	yisn	1
癔	yiun	0
痍	yiuw	0
杙	yisy	0
宧	yiph	0
椸	yisb	0
扅	yiyq	0
㑊	yiwo	0
𫄷	yixn	0
𫖮	yimm	0
𬟁	yiag	0
𬬩	yiqy	0
𬺈	yihk	0
因	ynld	27218
音	ynuj	12805
银	ynqv	3350
印	ynqb	2617
引	ynxh	2487
阴	ynbe	1590
饮	ynqw	1610
隐	ynbn	630
瘾	ynun	506
殷	ynrc	510
尹	ynvt	317
吟	ynkn	293
寅	ynpw	275
荫	ynae	234
淫	ynif	240
胤	yntn	207
龈	ynhv	114
铟	ynqd	111
洇	ynid	88
蚓	ynjh	72
茵	ynad	84
鄞	ynab	12
堙	ynff	39
愔	ynnj	34
骃	yncd	30
喑	ynkj	16
垠	ynfv	15
窨	ynpj	12
氤	ynrd	10
禋	ynpf	10
嚚	ynkk	10
霪	ynff	9
姻	ynvd	5
訚	ynuy	7
龂	ynhr	5
崟	ynmq	5
慭	yngn	3
夤	ynqw	2
溵	ynic	2
茚	ynab	1
狺	ynqy	1
蟫	ynjj	1
吲	ynkh	1
硍	yndv	0
珢	yngv	0
歅	ynsw	0
䲟	ynqb	0
𬘡	ynxd	0
𬤇	ynyf	0
𬮱	ynuf	0
应	yyog	11625
硬	yydr	8542
赢	yyyy	5052
英	yyad	3067
营	yyak	1590
樱	yysv	1239
影	yyje	1071
鹰	yyog	805
迎	yyqp	607
盈	yybl	235
嬴	yyyy	247
郢	yykb	310
嘤	yykv	253
瑛	yygd	192
蝇	yyjn	111
颖	yyxm	184
映	yyjd	168
莺	yyag	149
萤	yyaj	132
婴	yymv	91
瀛	yyiy	107
莹	yyay	70
颍	yyxm	56
媵	yyev	50
鹦	yymg	54
膺	yyoe	36
瘿	yyuv	33
缨	yyxv	31
楹	yysl	24
荧	yyao	21
萦	yyai	22
罂	yymb	12
撄	yyrv	7
锳	yyqd	6
滢	yyiy	4
荥	yyai	4
溁	yyis	1
潆	yyii	3
蓥	yyaq	2
璎	yygv	1
茔	yyaf	0
媖	yyvd	0
䓨	yyab	0
哟	yoky	3101
唷	yoke	156
育	yoye	1
用	yseh	277346
勇	ysce	652
永	ysyi	670
咏	yski	436
拥	ysre	385
涌	ysie	310
庸	ysoh	210
蛹	ysje	202
雍	ysyy	164
颙	ysjm	35
俑	yswe	128
佣	yswe	114
慵	ysnh	67
泳	ysii	64
踊	yske	51
壅	ysyf	42
痈	ysue	38
甬	ysce	28
鳙	ysqh	17
饔	ysyv	12
邕	ysvc	11
镛	ysqh	10
鄘	ysob	7
澭	ysiy	7
臃	ysey	4
墉	ysfh	3
喁	ysky	2
恿	yscn	2
埇	ysfe	0
栐	yssi	0
㶲	ysoe	0
鲬	ysqe	0
有	ybde	527912
又	ybcc	205246
由	ybmg	72702
油	ybim	7044
右	ybdk	3835
游	ybib	2184
哟	ybky	3101
呦	ybke	2360
优	ybwy	1604
友	ybdc	982
尤	ybdy	986
铀	ybqm	797
鼬	ybem	845
犹	ybqy	662
佑	ybwk	502
祐	ybpk	394
忧	ybny	374
幽	ybmx	333
釉	ybtm	254
幼	ybxe	250
邮	ybmb	243
酉	ybsg	183
疣	ybuy	164
诱	ybyb	113
悠	ybwn	119
柚	ybsm	77
宥	ybpe	85
鱿	ybqy	66
攸	ybwt	65
繇	ybei	59
囿	yble	48
卣	ybhn	42
侑	ybwe	30
铕	ybqe	27
猷	ybud	23
牖	ybts	23
莠	ybab	12
蚴	ybje	12
麀	ybox	12
羑	ybuy	5
鲉	ybqm	5
莜	ybat	5
黝	yble	3
莸	ybay	2
耰	ybft	2
槱	ybso	2
蝤	ybjg	1
浟	ybit	1
蝣	ybjb	0
蚰	ybjm	0
𬨎	yblg	0
与	yvgg	439612
于	yvgf	61704
鱼	yvqg	8468
宇	yvpf	351
於	yvyu	5917
欲	yvww	4102
语	yvyk	4066
雨	yvfy	3179
余	yvws	1860
预	yvcm	1226
玉	yvgy	1547
羽	yvng	653
域	yvfg	1184
瑜	yvgj	1245
遇	yvjp	1088
御	yvtb	825
禹	yvty	762
逾	yvwp	687
愈	yvwn	707
俞	yvwj	488
虞	yvhd	404
渔	yvig	301
予	yvch	375
豫	yvce	303
愚	yvjn	244
驭	yvcc	277
喻	yvkj	273
渝	yvij	180
裕	yvpk	221
育	yvye	250
郁	yvdb	202
狱	yvqd	191
瘀	yvuu	187
浴	yvik	158
舆	yvew	159
彧	yvar	158
娱	yvvd	112
鹬	yvcg	138
芋	yvaf	69
峪	yvmk	109
誉	yviy	122
隅	yvby	83
昱	yvju	113
欤	yvgw	113
谕	yvyj	108
榆	yvsj	97
寓	yvpy	102
淤	yviu	110
鬻	yvxh	98
煜	yvou	76
毓	yvtk	77
阈	yvug	67
圉	yvlf	66
聿	yvvg	62
吁	yvkf	56
瑀	yvgy	54
鄅	yvtb	53
庾	yvow	49
愉	yvnj	53
盂	yvgl	51
钰	yvqy	34
迂	yvgp	48
屿	yvmg	50
禺	yvjy	44
竽	yvtf	42
遹	yvcp	19
淯	yvie	32
妤	yvvh	31
窳	yvpy	29
纡	yvxf	22
妪	yvvr	22
鹆	yvwg	20
俣	yvwd	18
喁	yvky	20
棫	yvsg	16
燠	yvod	17
雩	yvfn	15
腴	yvew	16
舁	yvea	14
玙	yvgg	14
谀	yvyw	13
矞	yvck	13
敔	yvgt	4
饫	yvqd	11
畬	yvwl	4
熨	yvno	8
潏	yvik	9
堉	yvfe	8
嵛	yvmj	2
蜮	yvjg	7
圄	yvlk	6
艅	yvts	6
揄	yvrj	6
萸	yvaw	5
邘	yvgb	5
臾	yvew	4
褕	yvpj	4
燏	yvok	4
窬	yvpj	4
髃	yvmy	4
瘐	yvuw	3
觎	yvwq	3
龉	yvhk	2
嵎	yvmy	2
尉	yvnf	2
蔚	yvaf	2
狳	yvqs	1
滪	yvim	1
伛	yvwr	0
蝓	yvjj	0
蓣	yvam	0
悆	yvwn	0
㺄	yvqj	0
元	yrfq	89796
原	yrdi	22981
远	yrfp	6258
源	yrii	2889
愿	yrdn	4259
圆	yrlm	3702
院	yrbq	3003
员	yrkm	2203
园	yrlq	938
袁	yrfe	642
猿	yrqe	673
缘	yrxe	606
怨	yrqn	765
冤	yrpy	670
苑	yrab	255
渊	yrih	239
援	yrrc	113
爰	yrec	124
垣	yrfg	108
鸢	yrag	107
螈	yrji	100
鼋	yrfn	97
沅	yriq	77
妧	yrvq	81
媛	yrvc	79
掾	yrre	78
塬	yrfi	69
瑗	yrgc	27
鸳	yrqg	24
嫄	yrvi	24
辕	yrle	18
芫	yraq	11
涴	yrib	6
垸	yrfq	6
橼	yrse	5
蜎	yrje	5
眢	yrqh	5
圜	yrle	3
湲	yric	3
箢	yrtb	1
羱	yrui	0
𫘪	yrci	0
月	ytee	182932
越	ytfn	27423
约	ytxy	23796
曰	ytjg	10192
粤	yttn	549
岳	ytrm	373
乐	ytti	298
悦	ytnq	266
阅	ytuq	304
跃	ytkd	169
钺	ytqn	128
玥	ytge	102
樾	ytsn	27
刖	ytej	29
籥	ytta	28
龠	ytwa	27
瀹	ytia	14
哕	ytkq	10
栎	ytsi	5
爚	ytoa	4
钥	ytqe	2
彟	ytvc	0
𫐄	ytlq	0
𬸚	ytqg	0
云	ypfc	9169
运	ypfp	1531
晕	ypjl	1490
韵	ypuu	664
孕	ypbb	256
匀	ypqu	279
允	ypcq	367
熨	ypno	209
芸	ypac	54
陨	ypbm	107
愠	ypnl	60
筠	yptu	46
蕴	ypal	35
殒	ypgm	44
昀	ypju	46
妘	ypvc	28
赟	ypym	21
狁	ypqq	19
韫	ypfl	19
恽	ypnl	17
氲	yprl	16
缊	ypxl	11
郓	yppb	12
耘	ypfc	14
郧	ypkb	10
酝	ypsc	9
筼	yptm	8
煴	ypol	6
沄	ypic	6
纭	ypxc	2
鋆	ypfq	2
涢	ypim	2
员	ypkm	1
馧	yptl	1
𫖳	ypvm	0
咋	zakf	6605
砸	zadh	5646
杂	zavs	1037
咂	zakh	130
匝	zaah	64
扎	zarn	12
拶	zarq	6
臜	zaem	1
在	zldf	1436325
再	zlgf	159974
载	zlfl	1546
哉	zlfk	860
崽	zlmn	822
宰	zlpu	716
仔	zlwb	596
栽	zlfs	340
灾	zlpo	235
甾	zlvl	31
赞	zjtm	12829
咱	zjkh	9173
攒	zjrm	2326
暂	zjlj	359
簪	zjtj	62
錾	zjlq	42
瓒	zjgm	37
拶	zjrq	11
昝	zjtj	7
酂	zjtb	5
趱	zjfm	3
糌	zjoj	1
寁	zjph	0
脏	zhef	1705
葬	zhaa	540
臧	zhah	113
藏	zhah	82
牂	zhuu	53
赃	zhmf	34
奘	zhud	6
驵	zhcg	5
早	zkjh	11683
造	zktp	4337
遭	zkgp	1614
灶	zkof	546
糟	zkoj	661
枣	zksu	508
凿	zkob	469
澡	zkis	285
皂	zkra	222
燥	zkos	266
躁	zkks	171
藻	zkas	173
噪	zkks	123
蚤	zkcj	54
璪	zkgs	6
慥	zknp	5
簉	zktp	3
唣	zkka	2
𥖨	zkds	0
则	zemj	70054
啧	zekm	434
泽	zeig	577
择	zerg	399
责	zegm	260
仄	zedw	115
帻	zemm	13
昃	zejw	10
咋	zekf	8
迮	zetp	5
笮	zetf	4
箦	zetm	4
赜	zeam	2
舴	zetf	1
贼	zzmd	4862
鲗	zzqj	1
怎	zftn	715
谮	zfyj	24
增	zgfj	1269
赠	zgmj	760
甑	zguy	84
缯	zgxj	76
曾	zguj	68
憎	zgnj	57
鄫	zgub	27
罾	zglj	12
矰	zgtj	10
锃	zgqg	8
综	zgxi	2
䎖	zgun	0
炸	vaof	3788
渣	vaig	3202
扎	varn	2289
榨	vasf	467
乍	vatf	320
札	vasn	219
闸	vaul	188
诈	vayf	194
眨	vahp	133
吒	vaka	94
栅	vasg	92
咤	vaka	74
铡	vaqj	42
轧	valn	45
揸	varg	31
鲊	vaqf	31
砟	vadf	14
楂	vasg	22
劄	vatj	23
喳	vakg	13
霅	vafy	8
拃	varf	8
咋	vakf	8
溠	vaia	6
哳	vakr	5
奓	vadq	5
蚱	vajf	4
查	vasg	2
馇	vaqg	2
挓	vara	2
柞	vasf	2
喋	vaks	1
痄	vauf	0
䃎	vadq	0
鲝	vaug	0
齇	vatg	0
债	vlwm	1803
窄	vlpf	1803
宅	vlpa	1555
摘	vlrd	1289
寨	vlps	568
斋	vlyj	440
翟	vlny	173
祭	vlwi	2
择	vlrg	1
瘵	vlui	1
豸	vlet	1
站	vjuk	32914
占	vjhk	16319
战	vjha	4394
斩	vjlr	2465
粘	vjok	1954
沾	vjik	1582
展	vjne	1091
詹	vjqy	1199
蘸	vjao	1032
栈	vjsa	571
盏	vjgl	205
毡	vjek	102
瞻	vjhy	78
旃	vjyy	43
绽	vjxh	41
湛	vjin	39
辗	vjle	19
鳣	vjqg	17
鹯	vjyg	11
飐	vjwk	9
崭	vjmr	7
栴	vjsy	5
谵	vjyy	2
偡	vjwn	1
搌	vjre	1
𫗴	vjqg	0
张	vhxy	15947
章	vhuj	7001
涨	vhiy	5826
长	vhty	2936
帐	vhmy	1662
账	vhmy	1367
仗	vhwy	978
掌	vhir	899
杖	vhsy	711
胀	vhey	302
丈	vhdy	154
彰	vhue	107
障	vhbj	89
璋	vhgj	83
蟑	vhjj	88
鄣	vhub	40
瘴	vhuj	34
漳	vhij	29
嶂	vhmj	27
獐	vhqj	27
樟	vhsj	26
幛	vhmj	5
仉	vhww	5
嫜	vhvj	0
暲	vhjj	0
找	vkra	54117
招	vkrk	7248
赵	vkfr	4057
照	vkjo	3770
兆	vkqi	765
罩	vklj	446
诏	vkyk	634
昭	vkjk	413
召	vkvk	429
朝	vkfe	263
着	vkuh	263
棹	vksj	88
肇	vkyg	57
钊	vkqj	42
沼	vkik	45
曌	vkja	22
爪	vkry	8
旐	vkyi	9
笊	vkty	2
啁	vkkk	1
𬬿	vkqk	0
𬶐	vkqi	0
这	veyp	323192
者	vefj	38417
着	veuh	43529
折	verr	4432
浙	veir	473
遮	veop	636
哲	verk	341
辄	veln	253
锗	veqj	157
褶	vepr	140
蛰	verj	99
辙	velt	123
啫	vekj	93
柘	vesd	72
谪	veyd	62
蜇	verj	52
喆	vefk	47
磔	veds	35
赭	vefj	26
蔗	veao	31
晢	verj	14
詟	vedy	13
鹧	veog	2
䗪	veoj	0
真	vffw	30102
朕	vfed	4627
镇	vfqw	2841
帧	vfmm	3615
针	vfqf	1987
阵	vfbl	1259
枕	vfsq	1190
震	vffe	736
臻	vfgt	593
珍	vfge	373
甄	vfsy	264
振	vfre	235
贞	vfhm	230
箴	vftk	199
诊	vfye	123
缜	vfxw	120
斟	vfdf	111
侦	vfwm	79
鸩	vfpg	81
砧	vfdk	52
赈	vfme	61
祯	vfpm	56
轸	vfle	40
榛	vfst	35
疹	vfue	33
桢	vfsm	22
胗	vfee	14
圳	vffk	9
畛	vfle	8
稹	vftw	8
禛	vfpw	6
鬒	vfdw	6
瑧	vfgt	5
葴	vfak	4
蓁	vfat	5
揕	vfrn	3
袗	vfpe	2
浈	vfim	1
昣	vfje	0
纼	vfxh	0
正	vggh	15560
证	vgyh	4117
挣	vgrh	3503
蒸	vgao	1873
整	vgsh	3601
症	vguh	1762
争	vgqh	2453
郑	vgub	1418
征	vgth	963
政	vggt	649
睁	vghh	194
筝	vgth	167
怔	vgnh	77
烝	vgbo	61
钲	vgqh	33
铮	vgqh	31
狰	vgqh	16
拯	vgrg	15
峥	vgmh	9
诤	vgyh	6
只	vikw	58794
之	vipp	50653
至	vigf	31732
值	viwh	17454
指	virj	12332
纸	vixa	5876
制	vitj	4580
治	viik	2638
直	vifh	3350
知	vitk	3367
支	vifc	2807
致	vigt	1852
质	virm	1446
汁	viif	1280
志	vifn	1545
置	vilh	1637
智	vitj	1325
止	vihg	1143
酯	visj	377
职	vibw	713
执	viry	650
掷	virb	477
枝	visc	344
痣	viun	274
脂	viej	275
趾	vikh	293
彘	vixx	234
织	vixw	222
吱	vikc	105
芝	viap	172
植	vish	196
滞	viih	157
跖	vikd	178
炙	viqo	156
秩	vitg	168
旨	vixj	153
侄	viwf	94
徵	vitt	112
祗	vipy	96
栀	visb	17
芷	viah	81
址	vifh	73
雉	vity	74
窒	vipf	71
肢	viec	73
陟	vibh	68
痔	viuf	63
沚	viih	48
枳	visw	47
栉	visb	40
稚	vity	33
卮	virb	42
挚	virr	38
郅	vigb	37
轵	vilw	34
殖	vigh	33
畤	vilf	27
峙	vimf	21
絷	viri	21
帙	vimg	19
摭	viro	19
蛭	vijf	13
鸷	virg	13
铚	viqf	13
蜘	vijk	11
踬	vikm	11
祉	viph	10
埴	vifh	10
帜	vimw	10
豸	viet	10
扺	vira	9
贽	virm	6
锧	viqm	7
骘	vibg	6
踯	vikb	6
咫	vinw	4
觯	viqf	5
桎	visf	4
滍	viij	4
泜	viiy	4
黹	vioi	3
轾	vilf	1
跱	vikf	2
忮	vinc	2
氏	viqa	2
稙	vith	1
疐	vifh	1
识	viyw	1
禔	viph	0
胝	viey	0
晊	vijf	0
庤	viof	0
梽	visn	0
榰	visj	0
𦭜	viaw	0
𬃊	vism	0
中	vskh	497871
种	vsth	21362
重	vstf	4267
众	vsww	2803
钟	vsqh	1688
终	vsxu	1641
忠	vskn	864
肿	vseh	682
冢	vspy	479
仲	vswh	195
盅	vskl	123
锺	vsqf	103
柊	vssu	68
踵	vskf	42
衷	vsye	37
舯	vsth	11
螽	vstj	7
茽	vsah	0
周	vbmk	11135
轴	vblm	3181
州	vbyh	3191
粥	vbxx	2256
咒	vbkw	511
肘	vbef	518
洲	vbih	518
舟	vbtu	361
皱	vbqb	227
昼	vbng	184
纣	vbxf	82
胄	vbme	37
骤	vbci	69
宙	vbpm	62
籀	vbtl	40
酎	vbsf	36
诌	vbyv	34
绉	vbxv	32
帚	vbvh	21
辀	vblu	11
啁	vbkk	4
鸼	vbtg	4
赒	vbmk	3
碡	vbdx	1
婤	vbvk	1
妯	vbvm	0
荮	vbaf	0
㑇	vbwv	0
㤘	vbnv	0
主	vuyg	13785
住	vuwg	10865
注	vuig	10066
煮	vufo	5728
猪	vuqj	5489
祝	vupq	4157
著	vuaj	4487
朱	vutf	2605
柱	vusg	1611
诸	vuyj	1508
助	vuee	1212
驻	vucg	1024
竹	vuth	969
诛	vuyf	805
渚	vuij	307
珠	vugf	421
株	vusf	416
铸	vuqf	380
逐	vugp	349
筑	vuty	320
蛛	vujf	174
箸	vutj	180
邾	vutb	124
铢	vuqf	111
烛	vuoj	109
蛀	vujg	94
贮	vumg	67
嘱	vuky	45
拄	vurg	54
炷	vuog	29
洙	vuif	35
茱	vuaf	28
伫	vuwg	24
竺	vutf	28
纻	vuxg	18
瞩	vuhy	13
苎	vuag	10
麈	vuog	10
槠	vusj	9
舳	vutm	9
疰	vuug	7
杼	vush	5
潴	vuij	5
侏	vuwf	4
翥	vufn	4
砫	vudg	3
柷	vusq	2
躅	vukj	2
蠋	vujj	2
橥	vuqs	2
术	vusy	1
瘃	vuuy	0
𬣞	vuyg	0
抓	vwry	6379
爪	vwry	698
髽	vwdf	2
拽	vyrt	1679
转	vrly	15290
赚	vrmw	11416
专	vrfy	2573
砖	vrdy	1794
撰	vrrw	441
传	vrwy	377
篆	vrte	267
馔	vrqw	69
颛	vrmm	18
僎	vrww	17
啭	vrky	14
瑑	vrge	1
沌	vrin	1
䏝	vrey	0
装	vdue	10950
状	vdud	2341
撞	vdrf	2465
庄	vdof	699
妆	vduv	742
桩	vdsf	697
壮	vduf	671
幢	vdmf	113
戆	vdun	10
奘	vdud	1
追	vvtp	6566
坠	vvbf	455
锥	vvqy	302
缀	vvxc	293
椎	vvsy	78
隹	vvwy	62
骓	vvcy	54
赘	vvgm	42
缒	vvxp	17
惴	vvnj	1
准	vpuy	4139
肫	vpen	13
屯	vpgn	5
谆	vpyb	2
窀	vppn	0
衠	vpts	0
𬘯	vpxb	0
桌	vohs	946
捉	vorh	692
啄	voky	319
卓	vohj	349
浊	voij	313
灼	vooy	176
着	vouh	263
拙	vorm	136
斫	vodr	90
酌	vosy	60
叕	vocc	70
擢	vory	71
濯	voiy	59
焯	vooj	41
镯	voqj	24
琢	vogy	20
涿	voiy	14
汋	voiy	13
倬	vowj	11
茁	voam	10
浞	voih	9
椓	vosy	4
禚	vopo	3
诼	voyy	2
棁	vosq	1
晫	vojj	1
䓬	voaj	0
䦃	voqj	0
𬸦	voyg	0
字	zipb	29616
自	zith	22690
子	zibb	11926
紫	zihi	1630
兹	ziux	875
资	zium	426
仔	ziwb	596
籽	ziob	342
姿	ziuv	377
滋	ziix	209
渍	ziim	260
梓	zisu	103
嗞	zikx	109
姊	zivt	106
咨	ziuk	86
恣	ziun	58
赀	zihm	55
訾	zihy	49
髭	zidx	45
笫	zitt	34
粢	ziuo	33
吱	zikc	12
缁	zixl	24
孖	zibb	19
眦	zihx	13
孳	ziub	15
觜	zihe	15
龇	zihx	15
孜	zibt	16
滓	ziiu	10
辎	zill	6
淄	ziil	5
秭	zitt	4
茈	ziax	3
镃	ziqx	3
耔	zifb	3
嵫	zimx	1
鼒	zifn	1
虸	zijb	1
锱	ziql	0
趑	zifw	0
鲻	ziql	0
鄑	zigb	0
总	zsun	20874
宗	zspi	627
纵	zsxw	731
棕	zssi	400
综	zsxi	199
粽	zsoi	108
踪	zski	28
鬃	zsdi	30
腙	zsei	6
疭	zsuw	6
倧	zswi	3
枞	zssw	3
鬷	zsgt	3
偬	zswn	1
走	zbfh	35582
揍	zbrd	1392
奏	zbdd	804
邹	zbqb	662
陬	zbbc	38
诹	zbyc	24
驺	zbcv	18
鲰	zbqc	6
鄹	zbbb	3
组	zuxg	16638
族	zuyd	3330
足	zukh	3373
租	zutg	2484
卒	zuyf	1957
祖	zupg	463
阻	zubg	355
俎	zuwg	37
菹	zuag	34
镞	zuqd	26
诅	zuyg	9
崒	zumf	4
珇	zugg	0
钻	zrqk	2684
攥	zrri	332
纂	zrti	55
缵	zrxm	7
躜	zrkm	1
最	zvjc	76982
嘴	zvke	5314
罪	zvld	2887
醉	zvsf	933
蕞	zvac	152
槜	zvsb	2
咀	zvkg	1
尊	zpuf	1096
遵	zpup	196
樽	zpsf	184
鳟	zpqf	37
噂	zpkf	10
撙	zprf	0
僔	zpwf	0
嶟	zpmf	0
𨱔	zpqf	0
做	zowt	220986
作	zowf	16717
坐	zowf	9470
左	zoda	5714
座	zoof	3740
佐	zowa	689
嘬	zokc	247
昨	zojf	112
撮	zorc	91
唑	zokf	49
酢	zosf	31
祚	zopf	25
琢	zogy	20
怍	zonf	19
阼	zobf	22
胙	zoef	19
捽	zorf	14
柞	zosf	9
笮	zotf	4
岞	zomf	0
